sample_id,pair_id,seed,base_consensus_shift,method_consensus_shift,paired_valid,base_state,method_state,strict_rescue,persistent_failure,strict_harm,stable_success,fail_to_disagree,disagree_to_fail,base_A_identity_mean,method_A_identity_mean,delta_A_identity,base_B_identity_mean,method_B_identity_mean,delta_B_identity
sample_0001,pair_060,,,True,False,,fail,False,False,False,False,False,False,,3.0,,,2.0,
sample_0002,pair_010,,,,False,,,False,False,False,False,False,False,,,,,,
sample_0003,pair_013,,,,False,,,False,False,False,False,False,False,,,,,,
sample_0004,pair_100,,,,False,,,False,False,False,False,False,False,,,,,,
sample_0005,pair_029,,,True,False,,fail,False,False,False,False,False,False,,2.5,,,2.5,
sample_0006,pair_054,,,,False,,,False,False,False,False,False,False,,,,,,
sample_0007,pair_087,,,,False,,,False,False,False,False,False,False,,,,,,
sample_0008,pair_077,,,False,False,,disagree,False,False,False,False,False,False,,3.5,,,3.0,
sample_0009,pair_068,,,,False,,,False,False,False,False,False,False,,,,,,
sample_0010,pair_084,,,,False,,,False,False,False,False,False,False,,,,,,
sample_0011,pair_099,,,,False,,,False,False,False,False,False,False,,,,,,
sample_0012,pair_093,,,,False,,,False,False,False,False,False,False,,,,,,
sample_0013,pair_051,,,,False,,,False,False,False,False,False,False,,,,,,
sample_0014,pair_026,,,,False,,,False,False,False,False,False,False,,,,,,
sample_0015,pair_100,,,,False,,,False,False,False,False,False,False,,,,,,
sample_0016,pair_018,,,,False,,,False,False,False,False,False,False,,,,,,
sample_0017,pair_080,,,,False,,,False,False,False,False,False,False,,,,,,
sample_0018,pair_057,,,,False,,,False,False,False,False,False,False,,,,,,
sample_0019,pair_053,,,,False,,,False,False,False,False,False,False,,,,,,
sample_0020,pair_045,,True,,False,fail,,False,False,False,False,False,False,1.5,,,2.5,,
sample_0021,pair_065,,,,False,,,False,False,False,False,False,False,,,,,,
sample_0022,pair_041,,,,False,,,False,False,False,False,False,False,,,,,,
sample_0023,pair_086,,,,False,,,False,False,False,False,False,False,,,,,,
sample_0024,pair_029,,True,,False,fail,,False,False,False,False,False,False,3.0,,,2.0,,
sample_0025,pair_055,,,,False,,,False,False,False,False,False,False,,,,,,
sample_0026,pair_069,,,,False,,,False,False,False,False,False,False,,,,,,
sample_0027,pair_078,,,,False,,,False,False,False,False,False,False,,,,,,
sample_0028,pair_039,,True,,False,fail,,False,False,False,False,False,False,2.5,,,3.5,,
sample_0029,pair_079,,True,,False,fail,,False,False,False,False,False,False,1.5,,,3.0,,
sample_0030,pair_088,,True,,False,fail,,False,False,False,False,False,False,3.0,,,3.5,,
sample_0031,pair_085,,,,False,,,False,False,False,False,False,False,,,,,,
sample_0032,pair_074,,False,,False,disagree,,False,False,False,False,False,False,3.0,,,4.0,,
sample_0033,pair_095,,False,,False,disagree,,False,False,False,False,False,False,3.5,,,3.5,,
sample_0034,pair_010,,,,False,,,False,False,False,False,False,False,,,,,,
sample_0035,pair_087,,,,False,,,False,False,False,False,False,False,,,,,,
sample_0036,pair_053,,False,,False,disagree,,False,False,False,False,False,False,4.0,,,3.0,,
sample_0037,pair_088,,,,False,,,False,False,False,False,False,False,,,,,,
sample_0038,pair_089,,,,False,,,False,False,False,False,False,False,,,,,,
sample_0039,pair_073,,,,False,,,False,False,False,False,False,False,,,,,,
sample_0040,pair_006,,,,False,,,False,False,False,False,False,False,,,,,,
sample_0041,pair_068,,True,,False,fail,,False,False,False,False,False,False,3.0,,,3.0,,
sample_0042,pair_033,,,,False,,,False,False,False,False,False,False,,,,,,
sample_0043,pair_017,,,,False,,,False,False,False,False,False,False,,,,,,
sample_0044,pair_020,,,True,False,,fail,False,False,False,False,False,False,,2.0,,,2.5,
sample_0045,pair_027,,,,False,,,False,False,False,False,False,False,,,,,,
sample_0046,pair_067,,,,False,,,False,False,False,False,False,False,,,,,,
sample_0047,pair_052,,True,,False,fail,,False,False,False,False,False,False,2.0,,,3.5,,
sample_0048,pair_033,,,,False,,,False,False,False,False,False,False,,,,,,
sample_0049,pair_009,,,,False,,,False,False,False,False,False,False,,,,,,
sample_0050,pair_058,,,,False,,,False,False,False,False,False,False,,,,,,
sample_0051,pair_097,,,,False,,,False,False,False,False,False,False,,,,,,
sample_0052,pair_047,,False,,False,disagree,,False,False,False,False,False,False,3.5,,,4.0,,
sample_0053,pair_011,,,,False,,,False,False,False,False,False,False,,,,,,
sample_0054,pair_046,,,,False,,,False,False,False,False,False,False,,,,,,
sample_0055,pair_071,,,,False,,,False,False,False,False,False,False,,,,,,
sample_0056,pair_021,,,,False,,,False,False,False,False,False,False,,,,,,
sample_0057,pair_097,,,,False,,,False,False,False,False,False,False,,,,,,
sample_0058,pair_024,,False,,False,disagree,,False,False,False,False,False,False,3.5,,,3.0,,
sample_0059,pair_018,,True,,False,fail,,False,False,False,False,False,False,2.0,,,3.5,,
sample_0060,pair_016,,,,False,,,False,False,False,False,False,False,,,,,,
sample_0061,pair_028,,True,,False,fail,,False,False,False,False,False,False,3.0,,,3.0,,
sample_0062,pair_021,,True,,False,fail,,False,False,False,False,False,False,2.0,,,2.5,,
sample_0063,pair_007,,,,False,,,False,False,False,False,False,False,,,,,,
sample_0064,pair_040,,True,,False,fail,,False,False,False,False,False,False,4.0,,,2.0,,
sample_0065,pair_042,,False,,False,disagree,,False,False,False,False,False,False,4.0,,,3.5,,
sample_0066,pair_018,,True,,False,fail,,False,False,False,False,False,False,2.5,,,4.0,,
sample_0067,pair_043,,,,False,,,False,False,False,False,False,False,,,,,,
sample_0068,pair_061,,True,,False,fail,,False,False,False,False,False,False,4.0,,,2.0,,
sample_0069,pair_016,,,,False,,,False,False,False,False,False,False,,,,,,
sample_0070,pair_008,,,,False,,,False,False,False,False,False,False,,,,,,
sample_0071,pair_008,,,,False,,,False,False,False,False,False,False,,,,,,
sample_0072,pair_009,,,,False,,,False,False,False,False,False,False,,,,,,
sample_0073,pair_061,,,,False,,,False,False,False,False,False,False,,,,,,
sample_0074,pair_075,,False,,False,disagree,,False,False,False,False,False,False,3.0,,,3.5,,
sample_0075,pair_059,,,,False,,,False,False,False,False,False,False,,,,,,
sample_0076,pair_023,,,,False,,,False,False,False,False,False,False,,,,,,
sample_0077,pair_045,,True,,False,fail,,False,False,False,False,False,False,2.0,,,3.5,,
sample_0078,pair_098,,,,False,,,False,False,False,False,False,False,,,,,,
sample_0079,pair_083,,,,False,,,False,False,False,False,False,False,,,,,,
sample_0080,pair_081,,True,,False,fail,,False,False,False,False,False,False,5.0,,,1.5,,
sample_0081,pair_035,,,,False,,,False,False,False,False,False,False,,,,,,
sample_0082,pair_025,,,,False,,,False,False,False,False,False,False,,,,,,
sample_0083,pair_055,,,,False,,,False,False,False,False,False,False,,,,,,
sample_0084,pair_007,,,,False,,,False,False,False,False,False,False,,,,,,
sample_0085,pair_098,,,,False,,,False,False,False,False,False,False,,,,,,
sample_0086,pair_093,,,,False,,,False,False,False,False,False,False,,,,,,
sample_0087,pair_063,,,,False,,,False,False,False,False,False,False,,,,,,
sample_0088,pair_085,,False,,False,disagree,,False,False,False,False,False,False,4.0,,,2.5,,
sample_0089,pair_002,,True,,False,fail,,False,False,False,False,False,False,4.5,,,2.5,,
sample_0090,pair_098,,False,,False,disagree,,False,False,False,False,False,False,3.5,,,3.0,,
sample_0091,pair_046,,True,,False,fail,,False,False,False,False,False,False,2.0,,,2.5,,
sample_0092,pair_091,,True,,False,fail,,False,False,False,False,False,False,2.5,,,4.0,,
sample_0093,pair_041,,False,,False,disagree,,False,False,False,False,False,False,4.0,,,3.0,,
sample_0094,pair_073,,,,False,,,False,False,False,False,False,False,,,,,,
sample_0095,pair_003,,,,False,,,False,False,False,False,False,False,,,,,,
sample_0096,pair_048,,,,False,,,False,False,False,False,False,False,,,,,,
sample_0097,pair_094,,False,,False,disagree,,False,False,False,False,False,False,3.0,,,3.0,,
sample_0098,pair_027,,,,False,,,False,False,False,False,False,False,,,,,,
sample_0099,pair_004,,,,False,,,False,False,False,False,False,False,,,,,,
sample_0100,pair_071,,True,,False,fail,,False,False,False,False,False,False,3.0,,,3.5,,
sample_0101,pair_094,,,True,False,,fail,False,False,False,False,False,False,,2.5,,,3.0,
sample_0102,pair_025,,True,,False,fail,,False,False,False,False,False,False,3.5,,,2.5,,
sample_0103,pair_041,,,,False,,,False,False,False,False,False,False,,,,,,
sample_0104,pair_006,,False,,False,disagree,,False,False,False,False,False,False,4.5,,,4.0,,
sample_0105,pair_002,,,,False,,,False,False,False,False,False,False,,,,,,
sample_0106,pair_066,,,,False,,,False,False,False,False,False,False,,,,,,
sample_0107,pair_058,,,,False,,,False,False,False,False,False,False,,,,,,
sample_0108,pair_068,,,True,False,,fail,False,False,False,False,False,False,,3.0,,,2.0,
sample_0109,pair_081,,,,False,,,False,False,False,False,False,False,,,,,,
sample_0110,pair_037,,,,False,,,False,False,False,False,False,False,,,,,,
sample_0111,pair_073,,,,False,,,False,False,False,False,False,False,,,,,,
sample_0112,pair_048,,,,False,,,False,False,False,False,False,False,,,,,,
sample_0113,pair_009,,,,False,,,False,False,False,False,False,False,,,,,,
sample_0114,pair_040,,,,False,,,False,False,False,False,False,False,,,,,,
sample_0115,pair_071,,,,False,,,False,False,False,False,False,False,,,,,,
sample_0116,pair_090,,,,False,,,False,False,False,False,False,False,,,,,,
sample_0117,pair_085,,,,False,,,False,False,False,False,False,False,,,,,,
sample_0118,pair_100,,,,False,,,False,False,False,False,False,False,,,,,,
sample_0119,pair_005,,False,,False,disagree,,False,False,False,False,False,False,4.5,,,3.0,,
sample_0120,pair_075,,,,False,,,False,False,False,False,False,False,,,,,,
sample_0121,pair_071,,,,False,,,False,False,False,False,False,False,,,,,,
sample_0122,pair_083,,,,False,,,False,False,False,False,False,False,,,,,,
sample_0123,pair_013,,,,False,,,False,False,False,False,False,False,,,,,,
sample_0124,pair_024,,,,False,,,False,False,False,False,False,False,,,,,,
sample_0125,pair_039,,,,False,,,False,False,False,False,False,False,,,,,,
sample_0126,pair_055,,,,False,,,False,False,False,False,False,False,,,,,,
sample_0127,pair_047,,False,,False,disagree,,False,False,False,False,False,False,3.5,,,3.5,,
sample_0128,pair_033,,,,False,,,False,False,False,False,False,False,,,,,,
sample_0129,pair_011,,,,False,,,False,False,False,False,False,False,,,,,,
sample_0130,pair_070,,,,False,,,False,False,False,False,False,False,,,,,,
sample_0131,pair_015,,,,False,,,False,False,False,False,False,False,,,,,,
sample_0132,pair_075,,,,False,,,False,False,False,False,False,False,,,,,,
sample_0133,pair_096,,,,False,,,False,False,False,False,False,False,,,,,,
sample_0134,pair_051,,,,False,,,False,False,False,False,False,False,,,,,,
sample_0135,pair_034,,True,,False,fail,,False,False,False,False,False,False,3.5,,,2.5,,
sample_0136,pair_093,,,,False,,,False,False,False,False,False,False,,,,,,
sample_0137,pair_086,,,,False,,,False,False,False,False,False,False,,,,,,
sample_0138,pair_086,,,,False,,,False,False,False,False,False,False,,,,,,
sample_0139,pair_038,,,,False,,,False,False,False,False,False,False,,,,,,
sample_0140,pair_007,,False,,False,disagree,,False,False,False,False,False,False,3.5,,,4.0,,
sample_0141,pair_091,,False,,False,disagree,,False,False,False,False,False,False,3.0,,,4.0,,
sample_0142,pair_076,,,True,False,,fail,False,False,False,False,False,False,,1.0,,,2.0,
sample_0143,pair_003,,,,False,,,False,False,False,False,False,False,,,,,,
sample_0144,pair_048,,True,,False,fail,,False,False,False,False,False,False,3.0,,,3.5,,
sample_0145,pair_027,,False,,False,disagree,,False,False,False,False,False,False,4.5,,,3.5,,
sample_0146,pair_027,,,,False,,,False,False,False,False,False,False,,,,,,
sample_0147,pair_003,,,,False,,,False,False,False,False,False,False,,,,,,
sample_0148,pair_010,,,,False,,,False,False,False,False,False,False,,,,,,
sample_0149,pair_077,,True,,False,fail,,False,False,False,False,False,False,2.5,,,3.0,,
sample_0150,pair_042,,,,False,,,False,False,False,False,False,False,,,,,,
sample_0151,pair_084,,False,,False,disagree,,False,False,False,False,False,False,3.5,,,3.5,,
sample_0152,pair_016,,,False,False,,disagree,False,False,False,False,False,False,,4.0,,,3.0,
sample_0153,pair_096,,False,,False,disagree,,False,False,False,False,False,False,4.0,,,3.5,,
sample_0154,pair_051,,True,,False,fail,,False,False,False,False,False,False,3.5,,,2.5,,
sample_0155,pair_081,,,,False,,,False,False,False,False,False,False,,,,,,
sample_0156,pair_092,,,,False,,,False,False,False,False,False,False,,,,,,
sample_0157,pair_008,,False,True,True,disagree,fail,False,False,False,False,False,True,5.0,4.0,-1.0,3.0,2.0,-1.0
sample_0158,pair_054,,,,False,,,False,False,False,False,False,False,,,,,,
sample_0159,pair_030,,,,False,,,False,False,False,False,False,False,,,,,,
sample_0160,pair_099,,,,False,,,False,False,False,False,False,False,,,,,,
sample_0161,pair_089,,True,,False,fail,,False,False,False,False,False,False,4.0,,,3.0,,
sample_0162,pair_040,,,,False,,,False,False,False,False,False,False,,,,,,
sample_0163,pair_067,,,,False,,,False,False,False,False,False,False,,,,,,
sample_0164,pair_092,,,,False,,,False,False,False,False,False,False,,,,,,
sample_0165,pair_033,,,,False,,,False,False,False,False,False,False,,,,,,
sample_0166,pair_096,,,,False,,,False,False,False,False,False,False,,,,,,
sample_0167,pair_044,,,,False,,,False,False,False,False,False,False,,,,,,
sample_0168,pair_044,,,,False,,,False,False,False,False,False,False,,,,,,
sample_0169,pair_037,,,,False,,,False,False,False,False,False,False,,,,,,
sample_0170,pair_034,,,,False,,,False,False,False,False,False,False,,,,,,
sample_0171,pair_017,,True,True,True,fail,fail,False,True,False,False,False,False,1.0,2.0,1.0,4.0,3.0,-1.0
sample_0172,pair_003,,True,,False,fail,,False,False,False,False,False,False,4.0,,,2.5,,
sample_0173,pair_097,,,,False,,,False,False,False,False,False,False,,,,,,
sample_0174,pair_094,,False,,False,disagree,,False,False,False,False,False,False,3.0,,,3.0,,
sample_0175,pair_077,,,,False,,,False,False,False,False,False,False,,,,,,
sample_0176,pair_092,,False,,False,disagree,,False,False,False,False,False,False,4.0,,,3.5,,
sample_0177,pair_066,,True,,False,fail,,False,False,False,False,False,False,4.0,,,2.0,,
sample_0178,pair_060,,,,False,,,False,False,False,False,False,False,,,,,,
sample_0179,pair_096,,,,False,,,False,False,False,False,False,False,,,,,,
sample_0180,pair_035,,,,False,,,False,False,False,False,False,False,,,,,,
sample_0181,pair_089,,,,False,,,False,False,False,False,False,False,,,,,,
sample_0182,pair_074,,,,False,,,False,False,False,False,False,False,,,,,,
sample_0183,pair_046,,True,,False,fail,,False,False,False,False,False,False,1.5,,,2.0,,
sample_0184,pair_083,,,,False,,,False,False,False,False,False,False,,,,,,
sample_0185,pair_090,,,,False,,,False,False,False,False,False,False,,,,,,
sample_0186,pair_088,,False,,False,disagree,,False,False,False,False,False,False,4.5,,,3.5,,
sample_0187,pair_049,,,,False,,,False,False,False,False,False,False,,,,,,
sample_0188,pair_087,,,,False,,,False,False,False,False,False,False,,,,,,
sample_0189,pair_032,,,,False,,,False,False,False,False,False,False,,,,,,
sample_0190,pair_035,,,,False,,,False,False,False,False,False,False,,,,,,
sample_0191,pair_024,,,False,False,,disagree,False,False,False,False,False,False,,3.5,,,3.5,
sample_0192,pair_085,,,,False,,,False,False,False,False,False,False,,,,,,
sample_0193,pair_022,,True,,False,fail,,False,False,False,False,False,False,2.0,,,4.5,,
sample_0194,pair_099,,,,False,,,False,False,False,False,False,False,,,,,,
sample_0195,pair_063,,,,False,,,False,False,False,False,False,False,,,,,,
sample_0196,pair_066,,True,,False,fail,,False,False,False,False,False,False,3.0,,,3.0,,
sample_0197,pair_050,,,,False,,,False,False,False,False,False,False,,,,,,
sample_0198,pair_062,,,True,False,,fail,False,False,False,False,False,False,,2.5,,,2.0,
sample_0199,pair_005,,,,False,,,False,False,False,False,False,False,,,,,,
sample_0200,pair_024,,,,False,,,False,False,False,False,False,False,,,,,,
sample_0201,pair_056,,,,False,,,False,False,False,False,False,False,,,,,,
sample_0202,pair_073,,,,False,,,False,False,False,False,False,False,,,,,,
sample_0203,pair_014,,,,False,,,False,False,False,False,False,False,,,,,,
sample_0204,pair_004,,False,,False,disagree,,False,False,False,False,False,False,4.0,,,3.5,,
sample_0205,pair_066,,True,,False,fail,,False,False,False,False,False,False,3.0,,,2.5,,
sample_0206,pair_039,,,,False,,,False,False,False,False,False,False,,,,,,
sample_0207,pair_027,,,,False,,,False,False,False,False,False,False,,,,,,
sample_0208,pair_064,,,,False,,,False,False,False,False,False,False,,,,,,
sample_0209,pair_084,,,,False,,,False,False,False,False,False,False,,,,,,
sample_0210,pair_080,,,,False,,,False,False,False,False,False,False,,,,,,
sample_0211,pair_074,,,,False,,,False,False,False,False,False,False,,,,,,
sample_0212,pair_057,,,,False,,,False,False,False,False,False,False,,,,,,
sample_0213,pair_001,,,,False,,,False,False,False,False,False,False,,,,,,
sample_0214,pair_051,,True,,False,fail,,False,False,False,False,False,False,2.5,,,2.5,,
sample_0215,pair_024,,,,False,,,False,False,False,False,False,False,,,,,,
sample_0216,pair_049,,,,False,,,False,False,False,False,False,False,,,,,,
sample_0217,pair_056,,,,False,,,False,False,False,False,False,False,,,,,,
sample_0218,pair_008,,,,False,,,False,False,False,False,False,False,,,,,,
sample_0219,pair_014,,False,,False,disagree,,False,False,False,False,False,False,3.0,,,2.5,,
sample_0220,pair_094,,,,False,,,False,False,False,False,False,False,,,,,,
sample_0221,pair_097,,True,,False,fail,,False,False,False,False,False,False,4.0,,,1.0,,
sample_0222,pair_068,,,,False,,,False,False,False,False,False,False,,,,,,
sample_0223,pair_077,,,True,False,,fail,False,False,False,False,False,False,,1.5,,,1.5,
sample_0224,pair_055,,,,False,,,False,False,False,False,False,False,,,,,,
sample_0225,pair_028,,,,False,,,False,False,False,False,False,False,,,,,,
sample_0226,pair_019,,,,False,,,False,False,False,False,False,False,,,,,,
sample_0227,pair_023,,False,,False,disagree,,False,False,False,False,False,False,4.5,,,3.5,,
sample_0228,pair_037,,False,,False,disagree,,False,False,False,False,False,False,4.5,,,3.5,,
sample_0229,pair_067,,,,False,,,False,False,False,False,False,False,,,,,,
sample_0230,pair_035,,,,False,,,False,False,False,False,False,False,,,,,,
sample_0231,pair_018,,,,False,,,False,False,False,False,False,False,,,,,,
sample_0232,pair_093,,,False,False,,disagree,False,False,False,False,False,False,,3.5,,,3.0,
sample_0233,pair_036,,,,False,,,False,False,False,False,False,False,,,,,,
sample_0234,pair_099,,False,,False,disagree,,False,False,False,False,False,False,3.5,,,3.5,,
sample_0235,pair_037,,,,False,,,False,False,False,False,False,False,,,,,,
sample_0236,pair_062,,,True,False,,fail,False,False,False,False,False,False,,1.5,,,2.0,
sample_0237,pair_013,,,,False,,,False,False,False,False,False,False,,,,,,
sample_0238,pair_072,,,,False,,,False,False,False,False,False,False,,,,,,
sample_0239,pair_071,,,,False,,,False,False,False,False,False,False,,,,,,
sample_0240,pair_080,,,,False,,,False,False,False,False,False,False,,,,,,
sample_0241,pair_045,,,,False,,,False,False,False,False,False,False,,,,,,
sample_0242,pair_022,,True,,False,fail,,False,False,False,False,False,False,2.5,,,3.5,,
sample_0243,pair_015,,,True,False,,fail,False,False,False,False,False,False,,2.5,,,3.0,
sample_0244,pair_007,,True,,False,fail,,False,False,False,False,False,False,4.0,,,4.0,,
sample_0245,pair_006,,,,False,,,False,False,False,False,False,False,,,,,,
sample_0246,pair_070,,,True,False,,fail,False,False,False,False,False,False,,2.5,,,3.5,
sample_0247,pair_097,,,True,False,,fail,False,False,False,False,False,False,,1.5,,,3.0,
sample_0248,pair_023,,,False,False,,success,False,False,False,False,False,False,,4.5,,,4.5,
sample_0249,pair_057,,False,,False,disagree,,False,False,False,False,False,False,4.5,,,4.0,,
sample_0250,pair_100,,,,False,,,False,False,False,False,False,False,,,,,,
sample_0251,pair_075,,True,,False,fail,,False,False,False,False,False,False,2.0,,,4.5,,
sample_0252,pair_052,,True,,False,fail,,False,False,False,False,False,False,3.0,,,4.0,,
sample_0253,pair_028,,,,False,,,False,False,False,False,False,False,,,,,,
sample_0254,pair_050,,,,False,,,False,False,False,False,False,False,,,,,,
sample_0255,pair_010,,True,,False,fail,,False,False,False,False,False,False,2.5,,,3.0,,
sample_0256,pair_057,,,,False,,,False,False,False,False,False,False,,,,,,
sample_0257,pair_019,,,,False,,,False,False,False,False,False,False,,,,,,
sample_0258,pair_031,,,,False,,,False,False,False,False,False,False,,,,,,
sample_0259,pair_078,,,,False,,,False,False,False,False,False,False,,,,,,
sample_0260,pair_041,,,,False,,,False,False,False,False,False,False,,,,,,
sample_0261,pair_004,,,,False,,,False,False,False,False,False,False,,,,,,
sample_0262,pair_062,,,,False,,,False,False,False,False,False,False,,,,,,
sample_0263,pair_031,,True,True,True,fail,fail,False,True,False,False,False,False,2.5,1.0,-1.5,3.0,1.0,-2.0
sample_0264,pair_012,,False,,False,disagree,,False,False,False,False,False,False,4.5,,,3.5,,
sample_0265,pair_001,,True,,False,fail,,False,False,False,False,False,False,3.0,,,3.0,,
sample_0266,pair_046,,,,False,,,False,False,False,False,False,False,,,,,,
sample_0267,pair_076,,True,,False,fail,,False,False,False,False,False,False,1.5,,,1.5,,
sample_0268,pair_041,,,,False,,,False,False,False,False,False,False,,,,,,
sample_0269,pair_089,,,,False,,,False,False,False,False,False,False,,,,,,
sample_0270,pair_021,,,,False,,,False,False,False,False,False,False,,,,,,
sample_0271,pair_062,,,True,False,,fail,False,False,False,False,False,False,,1.5,,,1.5,
sample_0272,pair_022,,,,False,,,False,False,False,False,False,False,,,,,,
sample_0273,pair_010,,False,,False,disagree,,False,False,False,False,False,False,3.5,,,3.5,,
sample_0274,pair_052,,,,False,,,False,False,False,False,False,False,,,,,,
sample_0275,pair_093,,,,False,,,False,False,False,False,False,False,,,,,,
sample_0276,pair_070,,,,False,,,False,False,False,False,False,False,,,,,,
sample_0277,pair_100,,False,,False,disagree,,False,False,False,False,False,False,4.0,,,3.5,,
sample_0278,pair_034,,,,False,,,False,False,False,False,False,False,,,,,,
sample_0279,pair_002,,,,False,,,False,False,False,False,False,False,,,,,,
sample_0280,pair_063,,,,False,,,False,False,False,False,False,False,,,,,,
sample_0281,pair_035,,True,,False,fail,,False,False,False,False,False,False,0.5,,,0.0,,
sample_0282,pair_002,,True,,False,fail,,False,False,False,False,False,False,4.5,,,2.5,,
sample_0283,pair_006,,,,False,,,False,False,False,False,False,False,,,,,,
sample_0284,pair_059,,,,False,,,False,False,False,False,False,False,,,,,,
sample_0285,pair_090,,,,False,,,False,False,False,False,False,False,,,,,,
sample_0286,pair_091,,,,False,,,False,False,False,False,False,False,,,,,,
sample_0287,pair_043,,,,False,,,False,False,False,False,False,False,,,,,,
sample_0288,pair_066,,,,False,,,False,False,False,False,False,False,,,,,,
sample_0289,pair_058,,,,False,,,False,False,False,False,False,False,,,,,,
sample_0290,pair_092,,,,False,,,False,False,False,False,False,False,,,,,,
sample_0291,pair_053,,,False,False,,disagree,False,False,False,False,False,False,,3.0,,,3.0,
sample_0292,pair_054,,,,False,,,False,False,False,False,False,False,,,,,,
sample_0293,pair_034,,True,False,True,fail,disagree,False,False,False,False,True,False,3.0,3.5,0.5,3.0,3.0,0.0
sample_0294,pair_053,,,,False,,,False,False,False,False,False,False,,,,,,
sample_0295,pair_009,,,,False,,,False,False,False,False,False,False,,,,,,
sample_0296,pair_090,,,,False,,,False,False,False,False,False,False,,,,,,
sample_0297,pair_057,,False,,False,disagree,,False,False,False,False,False,False,3.5,,,3.5,,
sample_0298,pair_065,,,,False,,,False,False,False,False,False,False,,,,,,
sample_0299,pair_020,,True,,False,fail,,False,False,False,False,False,False,1.5,,,1.5,,
sample_0300,pair_048,,,,False,,,False,False,False,False,False,False,,,,,,
sample_0301,pair_025,,,,False,,,False,False,False,False,False,False,,,,,,
sample_0302,pair_093,,,,False,,,False,False,False,False,False,False,,,,,,
sample_0303,pair_086,,,,False,,,False,False,False,False,False,False,,,,,,
sample_0304,pair_064,,,,False,,,False,False,False,False,False,False,,,,,,
sample_0305,pair_037,,True,,False,fail,,False,False,False,False,False,False,3.5,,,2.5,,
sample_0306,pair_087,,True,False,True,fail,disagree,False,False,False,False,True,False,4.0,4.0,0.0,3.0,4.0,1.0
sample_0307,pair_007,,,,False,,,False,False,False,False,False,False,,,,,,
sample_0308,pair_050,,,,False,,,False,False,False,False,False,False,,,,,,
sample_0309,pair_016,,True,True,True,fail,fail,False,True,False,False,False,False,4.5,3.0,-1.5,1.0,2.5,1.5
sample_0310,pair_036,,,,False,,,False,False,False,False,False,False,,,,,,
sample_0311,pair_086,,,,False,,,False,False,False,False,False,False,,,,,,
sample_0312,pair_086,,False,,False,disagree,,False,False,False,False,False,False,4.5,,,3.5,,
sample_0313,pair_001,,,,False,,,False,False,False,False,False,False,,,,,,
sample_0314,pair_030,,,,False,,,False,False,False,False,False,False,,,,,,
sample_0315,pair_084,,False,,False,disagree,,False,False,False,False,False,False,4.5,,,3.0,,
sample_0316,pair_004,,,,False,,,False,False,False,False,False,False,,,,,,
sample_0317,pair_008,,,,False,,,False,False,False,False,False,False,,,,,,
sample_0318,pair_044,,True,,False,fail,,False,False,False,False,False,False,3.5,,,2.0,,
sample_0319,pair_059,,,,False,,,False,False,False,False,False,False,,,,,,
sample_0320,pair_017,,,,False,,,False,False,False,False,False,False,,,,,,
sample_0321,pair_022,,,,False,,,False,False,False,False,False,False,,,,,,
sample_0322,pair_049,,,,False,,,False,False,False,False,False,False,,,,,,
sample_0323,pair_042,,,,False,,,False,False,False,False,False,False,,,,,,
sample_0324,pair_065,,False,,False,disagree,,False,False,False,False,False,False,3.0,,,3.0,,
sample_0325,pair_083,,,,False,,,False,False,False,False,False,False,,,,,,
sample_0326,pair_090,,,,False,,,False,False,False,False,False,False,,,,,,
sample_0327,pair_033,,,,False,,,False,False,False,False,False,False,,,,,,
sample_0328,pair_071,,,,False,,,False,False,False,False,False,False,,,,,,
sample_0329,pair_069,,,,False,,,False,False,False,False,False,False,,,,,,
sample_0330,pair_031,,,,False,,,False,False,False,False,False,False,,,,,,
sample_0331,pair_044,,,False,False,,disagree,False,False,False,False,False,False,,3.0,,,3.0,
sample_0332,pair_098,,False,,False,success,,False,False,False,False,False,False,5.0,,,4.0,,
sample_0333,pair_038,,,,False,,,False,False,False,False,False,False,,,,,,
sample_0334,pair_073,,,,False,,,False,False,False,False,False,False,,,,,,
sample_0335,pair_025,,,True,False,,fail,False,False,False,False,False,False,,3.0,,,3.5,
sample_0336,pair_070,,,,False,,,False,False,False,False,False,False,,,,,,
sample_0337,pair_009,,,,False,,,False,False,False,False,False,False,,,,,,
sample_0338,pair_040,,,,False,,,False,False,False,False,False,False,,,,,,
sample_0339,pair_061,,,,False,,,False,False,False,False,False,False,,,,,,
sample_0340,pair_049,,,,False,,,False,False,False,False,False,False,,,,,,
sample_0341,pair_070,,False,,False,disagree,,False,False,False,False,False,False,4.0,,,4.0,,
sample_0342,pair_011,,,,False,,,False,False,False,False,False,False,,,,,,
sample_0343,pair_028,,True,,False,fail,,False,False,False,False,False,False,2.0,,,2.5,,
sample_0344,pair_094,,False,,False,disagree,,False,False,False,False,False,False,3.5,,,3.5,,
sample_0345,pair_028,,True,,False,fail,,False,False,False,False,False,False,1.0,,,1.0,,
sample_0346,pair_083,,False,,False,disagree,,False,False,False,False,False,False,4.5,,,3.5,,
sample_0347,pair_076,,True,,False,fail,,False,False,False,False,False,False,2.5,,,3.5,,
sample_0348,pair_087,,False,,False,disagree,,False,False,False,False,False,False,4.5,,,4.0,,
sample_0349,pair_070,,,True,False,,fail,False,False,False,False,False,False,,2.5,,,3.5,
sample_0350,pair_019,,,,False,,,False,False,False,False,False,False,,,,,,
sample_0351,pair_050,,False,,False,disagree,,False,False,False,False,False,False,4.0,,,3.0,,
sample_0352,pair_091,,,,False,,,False,False,False,False,False,False,,,,,,
sample_0353,pair_061,,True,,False,fail,,False,False,False,False,False,False,3.0,,,2.0,,
sample_0354,pair_036,,,,False,,,False,False,False,False,False,False,,,,,,
sample_0355,pair_029,,True,,False,fail,,False,False,False,False,False,False,2.5,,,3.0,,
sample_0356,pair_020,,True,,False,fail,,False,False,False,False,False,False,2.0,,,2.0,,
sample_0357,pair_082,,,,False,,,False,False,False,False,False,False,,,,,,
sample_0358,pair_095,,False,,False,disagree,,False,False,False,False,False,False,3.0,,,3.5,,
sample_0359,pair_022,,True,,False,fail,,False,False,False,False,False,False,2.0,,,3.0,,
sample_0360,pair_061,,,,False,,,False,False,False,False,False,False,,,,,,
sample_0361,pair_012,,True,,False,fail,,False,False,False,False,False,False,4.5,,,2.5,,
sample_0362,pair_080,,,,False,,,False,False,False,False,False,False,,,,,,
sample_0363,pair_011,,,,False,,,False,False,False,False,False,False,,,,,,
sample_0364,pair_088,,,,False,,,False,False,False,False,False,False,,,,,,
sample_0365,pair_053,,,,False,,,False,False,False,False,False,False,,,,,,
sample_0366,pair_098,,False,,False,disagree,,False,False,False,False,False,False,4.0,,,3.0,,
sample_0367,pair_042,,,,False,,,False,False,False,False,False,False,,,,,,
sample_0368,pair_015,,True,,False,fail,,False,False,False,False,False,False,2.0,,,2.5,,
sample_0369,pair_020,,True,,False,fail,,False,False,False,False,False,False,1.0,,,1.0,,
sample_0370,pair_004,,,,False,,,False,False,False,False,False,False,,,,,,
sample_0371,pair_014,,,,False,,,False,False,False,False,False,False,,,,,,
sample_0372,pair_008,,,,False,,,False,False,False,False,False,False,,,,,,
sample_0373,pair_098,,,,False,,,False,False,False,False,False,False,,,,,,
sample_0374,pair_081,,,,False,,,False,False,False,False,False,False,,,,,,
sample_0375,pair_008,,,,False,,,False,False,False,False,False,False,,,,,,
sample_0376,pair_043,,,,False,,,False,False,False,False,False,False,,,,,,
sample_0377,pair_074,,False,,False,disagree,,False,False,False,False,False,False,3.5,,,3.0,,
sample_0378,pair_042,,True,,False,fail,,False,False,False,False,False,False,5.0,,,2.0,,
sample_0379,pair_067,,True,,False,fail,,False,False,False,False,False,False,2.5,,,2.5,,
sample_0380,pair_056,,,,False,,,False,False,False,False,False,False,,,,,,
sample_0381,pair_073,,False,,False,success,,False,False,False,False,False,False,4.0,,,3.0,,
sample_0382,pair_024,,,,False,,,False,False,False,False,False,False,,,,,,
sample_0383,pair_096,,,,False,,,False,False,False,False,False,False,,,,,,
sample_0384,pair_002,,,,False,,,False,False,False,False,False,False,,,,,,
sample_0385,pair_023,,,,False,,,False,False,False,False,False,False,,,,,,
sample_0386,pair_003,,,,False,,,False,False,False,False,False,False,,,,,,
sample_0387,pair_080,,,,False,,,False,False,False,False,False,False,,,,,,
sample_0388,pair_065,,,,False,,,False,False,False,False,False,False,,,,,,
sample_0389,pair_083,,False,,False,disagree,,False,False,False,False,False,False,4.0,,,3.5,,
sample_0390,pair_084,,False,,False,disagree,,False,False,False,False,False,False,4.5,,,3.5,,
sample_0391,pair_044,,,True,False,,fail,False,False,False,False,False,False,,2.0,,,2.0,
sample_0392,pair_079,,,,False,,,False,False,False,False,False,False,,,,,,
sample_0393,pair_037,,False,,False,disagree,,False,False,False,False,False,False,3.5,,,3.0,,
sample_0394,pair_032,,,,False,,,False,False,False,False,False,False,,,,,,
sample_0395,pair_051,,,,False,,,False,False,False,False,False,False,,,,,,
sample_0396,pair_080,,,,False,,,False,False,False,False,False,False,,,,,,
sample_0397,pair_094,,False,,False,disagree,,False,False,False,False,False,False,4.0,,,4.0,,
sample_0398,pair_091,,,,False,,,False,False,False,False,False,False,,,,,,
sample_0399,pair_002,,True,,False,fail,,False,False,False,False,False,False,4.5,,,2.0,,
sample_0400,pair_042,,,,False,,,False,False,False,False,False,False,,,,,,
sample_0401,pair_095,,True,True,True,fail,fail,False,True,False,False,False,False,2.5,2.5,0.0,3.5,3.0,-0.5
sample_0402,pair_099,,,,False,,,False,False,False,False,False,False,,,,,,
sample_0403,pair_059,,,,False,,,False,False,False,False,False,False,,,,,,
sample_0404,pair_019,,,,False,,,False,False,False,False,False,False,,,,,,
sample_0405,pair_098,,True,,False,fail,,False,False,False,False,False,False,3.5,,,2.5,,
sample_0406,pair_098,,,,False,,,False,False,False,False,False,False,,,,,,
sample_0407,pair_030,,,,False,,,False,False,False,False,False,False,,,,,,
sample_0408,pair_097,,,True,False,,fail,False,False,False,False,False,False,,2.0,,,2.5,
sample_0409,pair_067,,,,False,,,False,False,False,False,False,False,,,,,,
sample_0410,pair_099,,,,False,,,False,False,False,False,False,False,,,,,,
sample_0411,pair_045,,,,False,,,False,False,False,False,False,False,,,,,,
sample_0412,pair_088,,True,,False,fail,,False,False,False,False,False,False,3.5,,,2.0,,
sample_0413,pair_098,,False,,False,disagree,,False,False,False,False,False,False,4.5,,,3.0,,
sample_0414,pair_082,,False,,False,disagree,,False,False,False,False,False,False,4.0,,,3.5,,
sample_0415,pair_026,,True,,False,fail,,False,False,False,False,False,False,1.5,,,1.5,,
sample_0416,pair_014,,True,,False,fail,,False,False,False,False,False,False,2.5,,,2.0,,
sample_0417,pair_055,,,True,False,,fail,False,False,False,False,False,False,,2.5,,,3.0,
sample_0418,pair_001,,,,False,,,False,False,False,False,False,False,,,,,,
sample_0419,pair_083,,False,,False,disagree,,False,False,False,False,False,False,4.5,,,3.5,,
sample_0420,pair_068,,,,False,,,False,False,False,False,False,False,,,,,,
sample_0421,pair_033,,,,False,,,False,False,False,False,False,False,,,,,,
sample_0422,pair_030,,True,,False,fail,,False,False,False,False,False,False,2.5,,,2.0,,
sample_0423,pair_082,,False,,False,disagree,,False,False,False,False,False,False,4.5,,,4.0,,
sample_0424,pair_032,,,,False,,,False,False,False,False,False,False,,,,,,
sample_0425,pair_019,,True,True,True,fail,fail,False,True,False,False,False,False,2.5,2.5,0.0,2.0,2.0,0.0
sample_0426,pair_012,,False,,False,disagree,,False,False,False,False,False,False,4.5,,,3.5,,
sample_0427,pair_056,,,,False,,,False,False,False,False,False,False,,,,,,
sample_0428,pair_093,,,False,False,,disagree,False,False,False,False,False,False,,4.0,,,4.0,
sample_0429,pair_057,,False,,False,success,,False,False,False,False,False,False,4.5,,,4.5,,
sample_0430,pair_047,,,,False,,,False,False,False,False,False,False,,,,,,
sample_0431,pair_003,,True,True,True,fail,fail,False,True,False,False,False,False,4.5,4.5,0.0,2.0,2.0,0.0
sample_0432,pair_028,,True,,False,fail,,False,False,False,False,False,False,1.5,,,1.5,,
sample_0433,pair_029,,True,,False,fail,,False,False,False,False,False,False,4.0,,,1.5,,
sample_0434,pair_026,,True,True,True,fail,fail,False,True,False,False,False,False,2.0,2.0,0.0,2.5,2.0,-0.5
sample_0435,pair_019,,True,,False,fail,,False,False,False,False,False,False,2.0,,,2.0,,
sample_0436,pair_043,,,,False,,,False,False,False,False,False,False,,,,,,
sample_0437,pair_020,,,,False,,,False,False,False,False,False,False,,,,,,
sample_0438,pair_048,,False,,False,disagree,,False,False,False,False,False,False,3.5,,,3.5,,
sample_0439,pair_047,,True,,False,fail,,False,False,False,False,False,False,3.5,,,3.5,,
sample_0440,pair_067,,,,False,,,False,False,False,False,False,False,,,,,,
sample_0441,pair_021,,,,False,,,False,False,False,False,False,False,,,,,,
sample_0442,pair_014,,True,,False,fail,,False,False,False,False,False,False,2.5,,,3.0,,
sample_0443,pair_007,,,False,False,,disagree,False,False,False,False,False,False,,3.5,,,4.0,
sample_0444,pair_049,,True,,False,fail,,False,False,False,False,False,False,4.0,,,2.5,,
sample_0445,pair_006,,,,False,,,False,False,False,False,False,False,,,,,,
sample_0446,pair_091,,,,False,,,False,False,False,False,False,False,,,,,,
sample_0447,pair_057,,,,False,,,False,False,False,False,False,False,,,,,,
sample_0448,pair_089,,True,,False,fail,,False,False,False,False,False,False,3.5,,,2.5,,
sample_0449,pair_072,,,,False,,,False,False,False,False,False,False,,,,,,
sample_0450,pair_035,,True,,False,fail,,False,False,False,False,False,False,1.5,,,0.5,,
sample_0451,pair_088,,,,False,,,False,False,False,False,False,False,,,,,,
sample_0452,pair_089,,False,,False,disagree,,False,False,False,False,False,False,5.0,,,3.0,,
sample_0453,pair_048,,,,False,,,False,False,False,False,False,False,,,,,,
sample_0454,pair_092,,,,False,,,False,False,False,False,False,False,,,,,,
sample_0455,pair_059,,,,False,,,False,False,False,False,False,False,,,,,,
sample_0456,pair_006,,,,False,,,False,False,False,False,False,False,,,,,,
sample_0457,pair_055,,,,False,,,False,False,False,False,False,False,,,,,,
sample_0458,pair_014,,,,False,,,False,False,False,False,False,False,,,,,,
sample_0459,pair_012,,,,False,,,False,False,False,False,False,False,,,,,,
sample_0460,pair_095,,,,False,,,False,False,False,False,False,False,,,,,,
sample_0461,pair_084,,False,,False,disagree,,False,False,False,False,False,False,4.5,,,3.5,,
sample_0462,pair_043,,True,,False,fail,,False,False,False,False,False,False,3.0,,,4.0,,
sample_0463,pair_046,,True,,False,fail,,False,False,False,False,False,False,2.5,,,3.0,,
sample_0464,pair_052,,False,,False,disagree,,False,False,False,False,False,False,3.5,,,3.5,,
sample_0465,pair_028,,True,,False,fail,,False,False,False,False,False,False,2.0,,,2.5,,
sample_0466,pair_032,,,,False,,,False,False,False,False,False,False,,,,,,
sample_0467,pair_058,,,,False,,,False,False,False,False,False,False,,,,,,
sample_0468,pair_022,,True,,False,fail,,False,False,False,False,False,False,2.0,,,3.5,,
sample_0469,pair_036,,,,False,,,False,False,False,False,False,False,,,,,,
sample_0470,pair_064,,,,False,,,False,False,False,False,False,False,,,,,,
sample_0471,pair_015,,,,False,,,False,False,False,False,False,False,,,,,,
sample_0472,pair_020,,,,False,,,False,False,False,False,False,False,,,,,,
sample_0473,pair_018,,,,False,,,False,False,False,False,False,False,,,,,,
sample_0474,pair_039,,,,False,,,False,False,False,False,False,False,,,,,,
sample_0475,pair_034,,,,False,,,False,False,False,False,False,False,,,,,,
sample_0476,pair_054,,,,False,,,False,False,False,False,False,False,,,,,,
sample_0477,pair_099,,True,,False,fail,,False,False,False,False,False,False,3.0,,,2.0,,
sample_0478,pair_010,,True,True,True,fail,fail,False,True,False,False,False,False,2.0,2.5,0.5,2.5,2.5,0.0
sample_0479,pair_069,,,True,False,,fail,False,False,False,False,False,False,,3.5,,,2.5,
sample_0480,pair_009,,False,,False,disagree,,False,False,False,False,False,False,4.5,,,3.5,,
sample_0481,pair_093,,,,False,,,False,False,False,False,False,False,,,,,,
sample_0482,pair_029,,True,,False,fail,,False,False,False,False,False,False,3.0,,,2.5,,
sample_0483,pair_057,,,False,False,,disagree,False,False,False,False,False,False,,4.5,,,4.0,
sample_0484,pair_069,,,,False,,,False,False,False,False,False,False,,,,,,
sample_0485,pair_034,,,,False,,,False,False,False,False,False,False,,,,,,
sample_0486,pair_065,,,,False,,,False,False,False,False,False,False,,,,,,
sample_0487,pair_079,,True,,False,fail,,False,False,False,False,False,False,2.0,,,3.5,,
sample_0488,pair_099,,,,False,,,False,False,False,False,False,False,,,,,,
sample_0489,pair_053,,,,False,,,False,False,False,False,False,False,,,,,,
sample_0490,pair_067,,,True,False,,fail,False,False,False,False,False,False,,3.0,,,2.0,
sample_0491,pair_078,,True,,False,fail,,False,False,False,False,False,False,3.0,,,3.0,,
sample_0492,pair_009,,,True,False,,fail,False,False,False,False,False,False,,4.0,,,3.0,
sample_0493,pair_047,,,,False,,,False,False,False,False,False,False,,,,,,
sample_0494,pair_044,,,,False,,,False,False,False,False,False,False,,,,,,
sample_0495,pair_023,,,,False,,,False,False,False,False,False,False,,,,,,
sample_0496,pair_051,,,True,False,,fail,False,False,False,False,False,False,,2.0,,,2.0,
sample_0497,pair_005,,,,False,,,False,False,False,False,False,False,,,,,,
sample_0498,pair_072,,,,False,,,False,False,False,False,False,False,,,,,,
sample_0499,pair_079,,,,False,,,False,False,False,False,False,False,,,,,,
sample_0500,pair_059,,,,False,,,False,False,False,False,False,False,,,,,,
sample_0501,pair_066,,,,False,,,False,False,False,False,False,False,,,,,,
sample_0502,pair_036,,,,False,,,False,False,False,False,False,False,,,,,,
sample_0503,pair_092,,,,False,,,False,False,False,False,False,False,,,,,,
sample_0504,pair_080,,,,False,,,False,False,False,False,False,False,,,,,,
sample_0505,pair_090,,,,False,,,False,False,False,False,False,False,,,,,,
sample_0506,pair_026,,,,False,,,False,False,False,False,False,False,,,,,,
sample_0507,pair_015,,,,False,,,False,False,False,False,False,False,,,,,,
sample_0508,pair_095,,,,False,,,False,False,False,False,False,False,,,,,,
sample_0509,pair_085,,,,False,,,False,False,False,False,False,False,,,,,,
sample_0510,pair_025,,,,False,,,False,False,False,False,False,False,,,,,,
sample_0511,pair_023,,,,False,,,False,False,False,False,False,False,,,,,,
sample_0512,pair_011,,False,,False,disagree,,False,False,False,False,False,False,2.0,,,2.0,,
sample_0513,pair_058,,,,False,,,False,False,False,False,False,False,,,,,,
sample_0514,pair_064,,True,,False,fail,,False,False,False,False,False,False,2.0,,,2.5,,
sample_0515,pair_086,,True,,False,fail,,False,False,False,False,False,False,3.0,,,3.5,,
sample_0516,pair_073,,,,False,,,False,False,False,False,False,False,,,,,,
sample_0517,pair_075,,,,False,,,False,False,False,False,False,False,,,,,,
sample_0518,pair_013,,True,,False,fail,,False,False,False,False,False,False,3.5,,,2.5,,
sample_0519,pair_090,,,,False,,,False,False,False,False,False,False,,,,,,
sample_0520,pair_060,,True,,False,fail,,False,False,False,False,False,False,2.5,,,3.0,,
sample_0521,pair_064,,True,,False,fail,,False,False,False,False,False,False,3.5,,,2.5,,
sample_0522,pair_079,,,True,False,,fail,False,False,False,False,False,False,,1.5,,,4.0,
sample_0523,pair_045,,,True,False,,fail,False,False,False,False,False,False,,1.5,,,3.0,
sample_0524,pair_026,,,,False,,,False,False,False,False,False,False,,,,,,
sample_0525,pair_037,,,,False,,,False,False,False,False,False,False,,,,,,
sample_0526,pair_046,,True,,False,fail,,False,False,False,False,False,False,2.0,,,3.0,,
sample_0527,pair_011,,,,False,,,False,False,False,False,False,False,,,,,,
sample_0528,pair_039,,True,,False,fail,,False,False,False,False,False,False,2.0,,,2.5,,
sample_0529,pair_007,,,,False,,,False,False,False,False,False,False,,,,,,
sample_0530,pair_067,,True,,False,fail,,False,False,False,False,False,False,2.0,,,3.0,,
sample_0531,pair_042,,,,False,,,False,False,False,False,False,False,,,,,,
sample_0532,pair_054,,False,,False,disagree,,False,False,False,False,False,False,3.0,,,4.5,,
sample_0533,pair_038,,,,False,,,False,False,False,False,False,False,,,,,,
sample_0534,pair_036,,,,False,,,False,False,False,False,False,False,,,,,,
sample_0535,pair_013,,True,,False,fail,,False,False,False,False,False,False,4.5,,,2.0,,
sample_0536,pair_027,,True,,False,fail,,False,False,False,False,False,False,4.0,,,2.5,,
sample_0537,pair_072,,True,,False,fail,,False,False,False,False,False,False,2.0,,,3.0,,
sample_0538,pair_088,,,,False,,,False,False,False,False,False,False,,,,,,
sample_0539,pair_047,,,True,False,,fail,False,False,False,False,False,False,,2.0,,,3.5,
sample_0540,pair_072,,,,False,,,False,False,False,False,False,False,,,,,,
sample_0541,pair_069,,,,False,,,False,False,False,False,False,False,,,,,,
sample_0542,pair_052,,,True,False,,fail,False,False,False,False,False,False,,2.5,,,3.0,
sample_0543,pair_083,,,,False,,,False,False,False,False,False,False,,,,,,
sample_0544,pair_100,,,,False,,,False,False,False,False,False,False,,,,,,
sample_0545,pair_075,,True,,False,fail,,False,False,False,False,False,False,3.0,,,3.0,,
sample_0546,pair_049,,,,False,,,False,False,False,False,False,False,,,,,,
sample_0547,pair_089,,,,False,,,False,False,False,False,False,False,,,,,,
sample_0548,pair_038,,,,False,,,False,False,False,False,False,False,,,,,,
sample_0549,pair_059,,,,False,,,False,False,False,False,False,False,,,,,,
sample_0550,pair_048,,,,False,,,False,False,False,False,False,False,,,,,,
sample_0551,pair_074,,,,False,,,False,False,False,False,False,False,,,,,,
sample_0552,pair_088,,True,,False,fail,,False,False,False,False,False,False,3.5,,,2.5,,
sample_0553,pair_037,,,,False,,,False,False,False,False,False,False,,,,,,
sample_0554,pair_069,,True,,False,fail,,False,False,False,False,False,False,3.0,,,2.0,,
sample_0555,pair_043,,,,False,,,False,False,False,False,False,False,,,,,,
sample_0556,pair_009,,,,False,,,False,False,False,False,False,False,,,,,,
sample_0557,pair_052,,,False,False,,disagree,False,False,False,False,False,False,,3.5,,,3.5,
sample_0558,pair_043,,,True,False,,fail,False,False,False,False,False,False,,1.5,,,3.0,
sample_0559,pair_018,,,,False,,,False,False,False,False,False,False,,,,,,
sample_0560,pair_054,,,,False,,,False,False,False,False,False,False,,,,,,
sample_0561,pair_091,,True,,False,fail,,False,False,False,False,False,False,2.5,,,3.0,,
sample_0562,pair_070,,,,False,,,False,False,False,False,False,False,,,,,,
sample_0563,pair_093,,,,False,,,False,False,False,False,False,False,,,,,,
sample_0564,pair_031,,,,False,,,False,False,False,False,False,False,,,,,,
sample_0565,pair_005,,True,,False,fail,,False,False,False,False,False,False,3.0,,,2.5,,
sample_0566,pair_020,,True,,False,fail,,False,False,False,False,False,False,2.0,,,2.5,,
sample_0567,pair_021,,True,,False,fail,,False,False,False,False,False,False,3.0,,,2.0,,
sample_0568,pair_028,,True,True,True,fail,fail,False,True,False,False,False,False,2.0,2.5,0.5,2.5,2.5,0.0
sample_0569,pair_040,,,,False,,,False,False,False,False,False,False,,,,,,
sample_0570,pair_061,,True,,False,fail,,False,False,False,False,False,False,3.5,,,2.0,,
sample_0571,pair_073,,,True,False,,fail,False,False,False,False,False,False,,1.0,,,3.0,
sample_0572,pair_086,,,,False,,,False,False,False,False,False,False,,,,,,
sample_0573,pair_029,,,,False,,,False,False,False,False,False,False,,,,,,
sample_0574,pair_095,,,True,False,,fail,False,False,False,False,False,False,,2.0,,,2.5,
sample_0575,pair_092,,True,,False,fail,,False,False,False,False,False,False,2.5,,,3.0,,
sample_0576,pair_079,,,,False,,,False,False,False,False,False,False,,,,,,
sample_0577,pair_052,,,,False,,,False,False,False,False,False,False,,,,,,
sample_0578,pair_068,,False,,False,disagree,,False,False,False,False,False,False,3.5,,,3.0,,
sample_0579,pair_006,,,,False,,,False,False,False,False,False,False,,,,,,
sample_0580,pair_034,,,,False,,,False,False,False,False,False,False,,,,,,
sample_0581,pair_045,,,,False,,,False,False,False,False,False,False,,,,,,
sample_0582,pair_018,,,,False,,,False,False,False,False,False,False,,,,,,
sample_0583,pair_078,,True,,False,fail,,False,False,False,False,False,False,2.0,,,3.0,,
sample_0584,pair_051,,True,,False,fail,,False,False,False,False,False,False,3.0,,,3.0,,
sample_0585,pair_036,,False,,False,disagree,,False,False,False,False,False,False,3.0,,,3.0,,
sample_0586,pair_025,,,,False,,,False,False,False,False,False,False,,,,,,
sample_0587,pair_081,,,,False,,,False,False,False,False,False,False,,,,,,
sample_0588,pair_035,,,,False,,,False,False,False,False,False,False,,,,,,
sample_0589,pair_028,,,,False,,,False,False,False,False,False,False,,,,,,
sample_0590,pair_077,,True,True,True,fail,fail,False,True,False,False,False,False,2.5,1.5,-1.0,3.5,1.5,-2.0
sample_0591,pair_063,,,,False,,,False,False,False,False,False,False,,,,,,
sample_0592,pair_021,,,,False,,,False,False,False,False,False,False,,,,,,
sample_0593,pair_019,,True,,False,fail,,False,False,False,False,False,False,2.5,,,1.5,,
sample_0594,pair_049,,True,,False,fail,,False,False,False,False,False,False,2.5,,,3.0,,
sample_0595,pair_044,,True,,False,fail,,False,False,False,False,False,False,2.5,,,3.0,,
sample_0596,pair_017,,,,False,,,False,False,False,False,False,False,,,,,,
sample_0597,pair_062,,,,False,,,False,False,False,False,False,False,,,,,,
sample_0598,pair_010,,,,False,,,False,False,False,False,False,False,,,,,,
sample_0599,pair_074,,,,False,,,False,False,False,False,False,False,,,,,,
sample_0600,pair_011,,,,False,,,False,False,False,False,False,False,,,,,,
sample_0601,pair_081,,,,False,,,False,False,False,False,False,False,,,,,,
sample_0602,pair_084,,,,False,,,False,False,False,False,False,False,,,,,,
sample_0603,pair_053,,,,False,,,False,False,False,False,False,False,,,,,,
sample_0604,pair_043,,,,False,,,False,False,False,False,False,False,,,,,,
sample_0605,pair_026,,,,False,,,False,False,False,False,False,False,,,,,,
sample_0606,pair_040,,True,,False,fail,,False,False,False,False,False,False,4.0,,,3.0,,
sample_0607,pair_033,,,,False,,,False,False,False,False,False,False,,,,,,
sample_0608,pair_022,,,,False,,,False,False,False,False,False,False,,,,,,
sample_0609,pair_032,,,,False,,,False,False,False,False,False,False,,,,,,
sample_0610,pair_020,,,,False,,,False,False,False,False,False,False,,,,,,
sample_0611,pair_001,,True,,False,fail,,False,False,False,False,False,False,4.5,,,3.0,,
sample_0612,pair_068,,,,False,,,False,False,False,False,False,False,,,,,,
sample_0613,pair_068,,True,,False,fail,,False,False,False,False,False,False,2.5,,,2.0,,
sample_0614,pair_031,,,,False,,,False,False,False,False,False,False,,,,,,
sample_0615,pair_059,,False,,False,disagree,,False,False,False,False,False,False,3.0,,,3.0,,
sample_0616,pair_002,,,,False,,,False,False,False,False,False,False,,,,,,
sample_0617,pair_044,,,True,False,,fail,False,False,False,False,False,False,,2.5,,,3.0,
sample_0618,pair_026,,,,False,,,False,False,False,False,False,False,,,,,,
sample_0619,pair_060,,,,False,,,False,False,False,False,False,False,,,,,,
sample_0620,pair_005,,True,,False,fail,,False,False,False,False,False,False,3.5,,,2.5,,
sample_0621,pair_007,,,,False,,,False,False,False,False,False,False,,,,,,
sample_0622,pair_096,,,,False,,,False,False,False,False,False,False,,,,,,
sample_0623,pair_054,,,,False,,,False,False,False,False,False,False,,,,,,
sample_0624,pair_050,,,,False,,,False,False,False,False,False,False,,,,,,
sample_0625,pair_075,,False,,False,disagree,,False,False,False,False,False,False,3.5,,,4.0,,
sample_0626,pair_031,,,,False,,,False,False,False,False,False,False,,,,,,
sample_0627,pair_072,,True,,False,fail,,False,False,False,False,False,False,2.5,,,3.0,,
sample_0628,pair_066,,False,,False,disagree,,False,False,False,False,False,False,4.5,,,3.5,,
sample_0629,pair_034,,,,False,,,False,False,False,False,False,False,,,,,,
sample_0630,pair_040,,,,False,,,False,False,False,False,False,False,,,,,,
sample_0631,pair_036,,,,False,,,False,False,False,False,False,False,,,,,,
sample_0632,pair_016,,False,,False,disagree,,False,False,False,False,False,False,5.0,,,3.0,,
sample_0633,pair_063,,,,False,,,False,False,False,False,False,False,,,,,,
sample_0634,pair_049,,,,False,,,False,False,False,False,False,False,,,,,,
sample_0635,pair_015,,,False,False,,disagree,False,False,False,False,False,False,,3.5,,,3.0,
sample_0636,pair_090,,,,False,,,False,False,False,False,False,False,,,,,,
sample_0637,pair_092,,True,,False,fail,,False,False,False,False,False,False,4.0,,,2.5,,
sample_0638,pair_039,,,,False,,,False,False,False,False,False,False,,,,,,
sample_0639,pair_064,,True,,False,fail,,False,False,False,False,False,False,4.0,,,2.5,,
sample_0640,pair_025,,False,,False,disagree,,False,False,False,False,False,False,3.5,,,3.0,,
sample_0641,pair_039,,,,False,,,False,False,False,False,False,False,,,,,,
sample_0642,pair_019,,,,False,,,False,False,False,False,False,False,,,,,,
sample_0643,pair_036,,,,False,,,False,False,False,False,False,False,,,,,,
sample_0644,pair_046,,,,False,,,False,False,False,False,False,False,,,,,,
sample_0645,pair_044,,True,,False,fail,,False,False,False,False,False,False,2.5,,,2.0,,
sample_0646,pair_004,,,,False,,,False,False,False,False,False,False,,,,,,
sample_0647,pair_097,,,,False,,,False,False,False,False,False,False,,,,,,
sample_0648,pair_080,,False,,False,disagree,,False,False,False,False,False,False,4.0,,,4.0,,
sample_0649,pair_018,,True,True,True,fail,fail,False,True,False,False,False,False,2.5,2.0,-0.5,3.5,2.5,-1.0
sample_0650,pair_030,,,,False,,,False,False,False,False,False,False,,,,,,
sample_0651,pair_069,,,,False,,,False,False,False,False,False,False,,,,,,
sample_0652,pair_058,,False,,False,disagree,,False,False,False,False,False,False,3.5,,,4.0,,
sample_0653,pair_069,,True,,False,fail,,False,False,False,False,False,False,2.5,,,2.0,,
sample_0654,pair_041,,,,False,,,False,False,False,False,False,False,,,,,,
sample_0655,pair_087,,True,,False,fail,,False,False,False,False,False,False,4.0,,,3.0,,
sample_0656,pair_037,,True,True,True,fail,fail,False,True,False,False,False,False,3.5,3.5,0.0,2.5,2.0,-0.5
sample_0657,pair_068,,,,False,,,False,False,False,False,False,False,,,,,,
sample_0658,pair_038,,,,False,,,False,False,False,False,False,False,,,,,,
sample_0659,pair_082,,False,,False,disagree,,False,False,False,False,False,False,4.0,,,3.0,,
sample_0660,pair_001,,False,,False,disagree,,False,False,False,False,False,False,5.0,,,3.5,,
sample_0661,pair_061,,,,False,,,False,False,False,False,False,False,,,,,,
sample_0662,pair_005,,True,,False,fail,,False,False,False,False,False,False,1.0,,,1.0,,
sample_0663,pair_070,,False,,False,disagree,,False,False,False,False,False,False,3.0,,,3.0,,
sample_0664,pair_077,,,,False,,,False,False,False,False,False,False,,,,,,
sample_0665,pair_047,,,,False,,,False,False,False,False,False,False,,,,,,
sample_0666,pair_060,,True,,False,fail,,False,False,False,False,False,False,3.0,,,1.5,,
sample_0667,pair_021,,,,False,,,False,False,False,False,False,False,,,,,,
sample_0668,pair_075,,,,False,,,False,False,False,False,False,False,,,,,,
sample_0669,pair_095,,,True,False,,fail,False,False,False,False,False,False,,2.0,,,2.5,
sample_0670,pair_100,,,,False,,,False,False,False,False,False,False,,,,,,
sample_0671,pair_062,,,,False,,,False,False,False,False,False,False,,,,,,
sample_0672,pair_087,,,,False,,,False,False,False,False,False,False,,,,,,
sample_0673,pair_061,,,,False,,,False,False,False,False,False,False,,,,,,
sample_0674,pair_012,,,,False,,,False,False,False,False,False,False,,,,,,
sample_0675,pair_076,,,True,False,,fail,False,False,False,False,False,False,,4.0,,,1.0,
sample_0676,pair_079,,,,False,,,False,False,False,False,False,False,,,,,,
sample_0677,pair_091,,True,True,True,fail,fail,False,True,False,False,False,False,2.0,2.0,0.0,2.5,2.5,0.0
sample_0678,pair_041,,False,,False,disagree,,False,False,False,False,False,False,4.0,,,3.5,,
sample_0679,pair_060,,,,False,,,False,False,False,False,False,False,,,,,,
sample_0680,pair_008,,,,False,,,False,False,False,False,False,False,,,,,,
sample_0681,pair_029,,True,,False,fail,,False,False,False,False,False,False,4.0,,,3.0,,
sample_0682,pair_071,,,,False,,,False,False,False,False,False,False,,,,,,
sample_0683,pair_039,,,,False,,,False,False,False,False,False,False,,,,,,
sample_0684,pair_008,,,,False,,,False,False,False,False,False,False,,,,,,
sample_0685,pair_069,,True,True,True,fail,fail,False,True,False,False,False,False,3.5,1.5,-2.0,2.0,2.0,0.0
sample_0686,pair_077,,False,,False,disagree,,False,False,False,False,False,False,3.5,,,3.5,,
sample_0687,pair_065,,True,,False,fail,,False,False,False,False,False,False,2.0,,,2.5,,
sample_0688,pair_049,,,,False,,,False,False,False,False,False,False,,,,,,
sample_0689,pair_085,,True,,False,fail,,False,False,False,False,False,False,2.0,,,3.0,,
sample_0690,pair_051,,,,False,,,False,False,False,False,False,False,,,,,,
sample_0691,pair_079,,,,False,,,False,False,False,False,False,False,,,,,,
sample_0692,pair_065,,,True,False,,fail,False,False,False,False,False,False,,2.0,,,2.0,
sample_0693,pair_006,,False,,False,disagree,,False,False,False,False,False,False,3.5,,,3.5,,
sample_0694,pair_013,,False,,False,disagree,,False,False,False,False,False,False,4.5,,,3.5,,
sample_0695,pair_084,,,,False,,,False,False,False,False,False,False,,,,,,
sample_0696,pair_063,,False,,False,disagree,,False,False,False,False,False,False,4.0,,,3.0,,
sample_0697,pair_082,,,,False,,,False,False,False,False,False,False,,,,,,
sample_0698,pair_019,,,,False,,,False,False,False,False,False,False,,,,,,
sample_0699,pair_042,,,,False,,,False,False,False,False,False,False,,,,,,
sample_0700,pair_062,,True,,False,fail,,False,False,False,False,False,False,1.5,,,2.5,,
sample_0701,pair_062,,,,False,,,False,False,False,False,False,False,,,,,,
sample_0702,pair_040,,False,,False,disagree,,False,False,False,False,False,False,4.5,,,3.0,,
sample_0703,pair_030,,,,False,,,False,False,False,False,False,False,,,,,,
sample_0704,pair_016,,,,False,,,False,False,False,False,False,False,,,,,,
sample_0705,pair_016,,,,False,,,False,False,False,False,False,False,,,,,,
sample_0706,pair_020,,,,False,,,False,False,False,False,False,False,,,,,,
sample_0707,pair_012,,True,,False,fail,,False,False,False,False,False,False,4.0,,,2.0,,
sample_0708,pair_014,,True,,False,fail,,False,False,False,False,False,False,2.5,,,3.5,,
sample_0709,pair_017,,,,False,,,False,False,False,False,False,False,,,,,,
sample_0710,pair_064,,True,,False,fail,,False,False,False,False,False,False,2.0,,,2.0,,
sample_0711,pair_032,,True,,False,fail,,False,False,False,False,False,False,2.5,,,3.0,,
sample_0712,pair_001,,True,,False,fail,,False,False,False,False,False,False,4.5,,,2.5,,
sample_0713,pair_043,,,,False,,,False,False,False,False,False,False,,,,,,
sample_0714,pair_085,,False,,False,disagree,,False,False,False,False,False,False,4.0,,,3.0,,
sample_0715,pair_047,,,,False,,,False,False,False,False,False,False,,,,,,
sample_0716,pair_034,,,,False,,,False,False,False,False,False,False,,,,,,
sample_0717,pair_010,,,,False,,,False,False,False,False,False,False,,,,,,
sample_0718,pair_032,,,,False,,,False,False,False,False,False,False,,,,,,
sample_0719,pair_032,,True,True,True,fail,fail,False,True,False,False,False,False,2.5,0.5,-2.0,3.0,2.5,-0.5
sample_0720,pair_030,,,,False,,,False,False,False,False,False,False,,,,,,
sample_0721,pair_084,,,,False,,,False,False,False,False,False,False,,,,,,
sample_0722,pair_013,,,,False,,,False,False,False,False,False,False,,,,,,
sample_0723,pair_038,,,,False,,,False,False,False,False,False,False,,,,,,
sample_0724,pair_064,,,,False,,,False,False,False,False,False,False,,,,,,
sample_0725,pair_074,,,,False,,,False,False,False,False,False,False,,,,,,
sample_0726,pair_099,,,,False,,,False,False,False,False,False,False,,,,,,
sample_0727,pair_056,,True,,False,fail,,False,False,False,False,False,False,3.0,,,3.0,,
sample_0728,pair_082,,False,,False,disagree,,False,False,False,False,False,False,5.0,,,3.5,,
sample_0729,pair_065,,,,False,,,False,False,False,False,False,False,,,,,,
sample_0730,pair_014,,,,False,,,False,False,False,False,False,False,,,,,,
sample_0731,pair_083,,False,,False,disagree,,False,False,False,False,False,False,4.5,,,4.0,,
sample_0732,pair_096,,,,False,,,False,False,False,False,False,False,,,,,,
sample_0733,pair_056,,,,False,,,False,False,False,False,False,False,,,,,,
sample_0734,pair_088,,,,False,,,False,False,False,False,False,False,,,,,,
sample_0735,pair_082,,,,False,,,False,False,False,False,False,False,,,,,,
sample_0736,pair_078,,,,False,,,False,False,False,False,False,False,,,,,,
sample_0737,pair_027,,,,False,,,False,False,False,False,False,False,,,,,,
sample_0738,pair_058,,,,False,,,False,False,False,False,False,False,,,,,,
sample_0739,pair_080,,True,,False,fail,,False,False,False,False,False,False,3.5,,,2.0,,
sample_0740,pair_047,,False,,False,disagree,,False,False,False,False,False,False,3.0,,,4.0,,
sample_0741,pair_062,,,,False,,,False,False,False,False,False,False,,,,,,
sample_0742,pair_016,,,,False,,,False,False,False,False,False,False,,,,,,
sample_0743,pair_094,,,,False,,,False,False,False,False,False,False,,,,,,
sample_0744,pair_096,,False,,False,disagree,,False,False,False,False,False,False,3.5,,,4.0,,
sample_0745,pair_072,,,,False,,,False,False,False,False,False,False,,,,,,
sample_0746,pair_035,,,,False,,,False,False,False,False,False,False,,,,,,
sample_0747,pair_038,,False,,False,disagree,,False,False,False,False,False,False,3.5,,,3.5,,
sample_0748,pair_040,,,,False,,,False,False,False,False,False,False,,,,,,
sample_0749,pair_012,,,,False,,,False,False,False,False,False,False,,,,,,
sample_0750,pair_030,,True,,False,fail,,False,False,False,False,False,False,2.5,,,2.0,,
sample_0751,pair_053,,,,False,,,False,False,False,False,False,False,,,,,,
sample_0752,pair_021,,True,,False,fail,,False,False,False,False,False,False,3.0,,,2.5,,
sample_0753,pair_050,,,,False,,,False,False,False,False,False,False,,,,,,
sample_0754,pair_066,,True,,False,fail,,False,False,False,False,False,False,2.5,,,3.0,,
sample_0755,pair_045,,,,False,,,False,False,False,False,False,False,,,,,,
sample_0756,pair_026,,,,False,,,False,False,False,False,False,False,,,,,,
sample_0757,pair_081,,,,False,,,False,False,False,False,False,False,,,,,,
sample_0758,pair_011,,,,False,,,False,False,False,False,False,False,,,,,,
sample_0759,pair_026,,,,False,,,False,False,False,False,False,False,,,,,,
sample_0760,pair_033,,,,False,,,False,False,False,False,False,False,,,,,,
sample_0761,pair_017,,False,,False,success,,False,False,False,False,False,False,4.0,,,3.5,,
sample_0762,pair_079,,True,,False,fail,,False,False,False,False,False,False,1.5,,,3.5,,
sample_0763,pair_071,,False,,False,disagree,,False,False,False,False,False,False,3.0,,,3.5,,
sample_0764,pair_074,,True,,False,fail,,False,False,False,False,False,False,2.5,,,3.5,,
sample_0765,pair_086,,True,,False,fail,,False,False,False,False,False,False,2.0,,,3.5,,
sample_0766,pair_064,,,,False,,,False,False,False,False,False,False,,,,,,
sample_0767,pair_085,,True,,False,fail,,False,False,False,False,False,False,3.5,,,2.0,,
sample_0768,pair_009,,True,,False,fail,,False,False,False,False,False,False,4.0,,,3.0,,
sample_0769,pair_027,,,,False,,,False,False,False,False,False,False,,,,,,
sample_0770,pair_027,,,,False,,,False,False,False,False,False,False,,,,,,
sample_0771,pair_023,,True,,False,fail,,False,False,False,False,False,False,3.5,,,3.0,,
sample_0772,pair_007,,True,,False,fail,,False,False,False,False,False,False,3.0,,,3.5,,
sample_0773,pair_050,,,,False,,,False,False,False,False,False,False,,,,,,
sample_0774,pair_046,,,,False,,,False,False,False,False,False,False,,,,,,
sample_0775,pair_066,,True,,False,fail,,False,False,False,False,False,False,2.5,,,3.0,,
sample_0776,pair_094,,False,True,True,disagree,fail,False,False,False,False,False,True,2.5,2.0,-0.5,3.0,3.5,0.5
sample_0777,pair_012,,,,False,,,False,False,False,False,False,False,,,,,,
sample_0778,pair_041,,,,False,,,False,False,False,False,False,False,,,,,,
sample_0779,pair_073,,True,,False,fail,,False,False,False,False,False,False,2.0,,,2.5,,
sample_0780,pair_005,,,,False,,,False,False,False,False,False,False,,,,,,
sample_0781,pair_017,,False,,False,disagree,,False,False,False,False,False,False,3.0,,,3.0,,
sample_0782,pair_071,,,True,False,,fail,False,False,False,False,False,False,,1.5,,,2.0,
sample_0783,pair_018,,True,,False,fail,,False,False,False,False,False,False,2.0,,,3.5,,
sample_0784,pair_031,,,,False,,,False,False,False,False,False,False,,,,,,
sample_0785,pair_005,,,,False,,,False,False,False,False,False,False,,,,,,
sample_0786,pair_097,,True,,False,fail,,False,False,False,False,False,False,3.5,,,2.0,,
sample_0787,pair_076,,,,False,,,False,False,False,False,False,False,,,,,,
sample_0788,pair_025,,,,False,,,False,False,False,False,False,False,,,,,,
sample_0789,pair_029,,,,False,,,False,False,False,False,False,False,,,,,,
sample_0790,pair_005,,,,False,,,False,False,False,False,False,False,,,,,,
sample_0791,pair_023,,,,False,,,False,False,False,False,False,False,,,,,,
sample_0792,pair_055,,True,,False,fail,,False,False,False,False,False,False,1.0,,,3.0,,
sample_0793,pair_048,,True,,False,fail,,False,False,False,False,False,False,2.0,,,2.0,,
sample_0794,pair_051,,,,False,,,False,False,False,False,False,False,,,,,,
sample_0795,pair_100,,True,,False,fail,,False,False,False,False,False,False,2.0,,,2.5,,
sample_0796,pair_094,,,,False,,,False,False,False,False,False,False,,,,,,
sample_0797,pair_004,,True,,False,fail,,False,False,False,False,False,False,2.5,,,3.0,,
sample_0798,pair_065,,,,False,,,False,False,False,False,False,False,,,,,,
sample_0799,pair_033,,,,False,,,False,False,False,False,False,False,,,,,,
sample_0800,pair_082,,,,False,,,False,False,False,False,False,False,,,,,,
sample_0801,pair_060,,,,False,,,False,False,False,False,False,False,,,,,,
sample_0802,pair_058,,,,False,,,False,False,False,False,False,False,,,,,,
sample_0803,pair_041,,,,False,,,False,False,False,False,False,False,,,,,,
sample_0804,pair_056,,,,False,,,False,False,False,False,False,False,,,,,,
sample_0805,pair_025,,,,False,,,False,False,False,False,False,False,,,,,,
sample_0806,pair_076,,,,False,,,False,False,False,False,False,False,,,,,,
sample_0807,pair_001,,,True,False,,fail,False,False,False,False,False,False,,2.5,,,2.5,
sample_0808,pair_024,,True,,False,fail,,False,False,False,False,False,False,3.0,,,2.5,,
sample_0809,pair_054,,,,False,,,False,False,False,False,False,False,,,,,,
sample_0810,pair_053,,False,,False,disagree,,False,False,False,False,False,False,4.0,,,4.0,,
sample_0811,pair_081,,,,False,,,False,False,False,False,False,False,,,,,,
sample_0812,pair_022,,True,,False,fail,,False,False,False,False,False,False,2.0,,,4.0,,
sample_0813,pair_052,,,,False,,,False,False,False,False,False,False,,,,,,
sample_0814,pair_052,,,,False,,,False,False,False,False,False,False,,,,,,
sample_0815,pair_063,,,,False,,,False,False,False,False,False,False,,,,,,
sample_0816,pair_072,,,,False,,,False,False,False,False,False,False,,,,,,
sample_0817,pair_006,,,True,False,,fail,False,False,False,False,False,False,,1.5,,,1.5,
sample_0818,pair_015,,,,False,,,False,False,False,False,False,False,,,,,,
sample_0819,pair_087,,,,False,,,False,False,False,False,False,False,,,,,,
sample_0820,pair_055,,True,,False,fail,,False,False,False,False,False,False,1.5,,,1.0,,
sample_0821,pair_050,,,,False,,,False,False,False,False,False,False,,,,,,
sample_0822,pair_095,,,,False,,,False,False,False,False,False,False,,,,,,
sample_0823,pair_024,,,,False,,,False,False,False,False,False,False,,,,,,
sample_0824,pair_077,,,,False,,,False,False,False,False,False,False,,,,,,
sample_0825,pair_054,,,,False,,,False,False,False,False,False,False,,,,,,
sample_0826,pair_076,,True,,False,fail,,False,False,False,False,False,False,3.0,,,1.5,,
sample_0827,pair_045,,True,True,True,fail,fail,False,True,False,False,False,False,2.0,2.0,0.0,3.0,2.5,-0.5
sample_0828,pair_022,,,,False,,,False,False,False,False,False,False,,,,,,
sample_0829,pair_060,,,,False,,,False,False,False,False,False,False,,,,,,
sample_0830,pair_090,,True,False,True,fail,disagree,False,False,False,False,True,False,3.5,3.0,-0.5,3.0,4.5,1.5
sample_0831,pair_023,,,,False,,,False,False,False,False,False,False,,,,,,
sample_0832,pair_078,,,,False,,,False,False,False,False,False,False,,,,,,
sample_0833,pair_002,,,,False,,,False,False,False,False,False,False,,,,,,
sample_0834,pair_003,,,,False,,,False,False,False,False,False,False,,,,,,
sample_0835,pair_081,,,,False,,,False,False,False,False,False,False,,,,,,
sample_0836,pair_048,,,,False,,,False,False,False,False,False,False,,,,,,
sample_0837,pair_014,,,,False,,,False,False,False,False,False,False,,,,,,
sample_0838,pair_085,,True,,False,fail,,False,False,False,False,False,False,4.0,,,2.0,,
sample_0839,pair_097,,True,,False,fail,,False,False,False,False,False,False,3.5,,,2.5,,
sample_0840,pair_092,,,,False,,,False,False,False,False,False,False,,,,,,
sample_0841,pair_001,,,,False,,,False,False,False,False,False,False,,,,,,
sample_0842,pair_061,,True,,False,fail,,False,False,False,False,False,False,3.5,,,2.0,,
sample_0843,pair_016,,True,,False,fail,,False,False,False,False,False,False,4.5,,,2.0,,
sample_0844,pair_035,,,,False,,,False,False,False,False,False,False,,,,,,
sample_0845,pair_017,,False,,False,disagree,,False,False,False,False,False,False,4.0,,,3.5,,
sample_0846,pair_067,,,,False,,,False,False,False,False,False,False,,,,,,
sample_0847,pair_024,,True,,False,fail,,False,False,False,False,False,False,2.5,,,4.0,,
sample_0848,pair_058,,,,False,,,False,False,False,False,False,False,,,,,,
sample_0849,pair_063,,,,False,,,False,False,False,False,False,False,,,,,,
sample_0850,pair_082,,,,False,,,False,False,False,False,False,False,,,,,,
sample_0851,pair_096,,,,False,,,False,False,False,False,False,False,,,,,,
sample_0852,pair_078,,,,False,,,False,False,False,False,False,False,,,,,,
sample_0853,pair_004,,,,False,,,False,False,False,False,False,False,,,,,,
sample_0854,pair_059,,,True,False,,fail,False,False,False,False,False,False,,2.0,,,2.5,
sample_0855,pair_010,,False,,False,disagree,,False,False,False,False,False,False,4.0,,,3.5,,
sample_0856,pair_091,,,,False,,,False,False,False,False,False,False,,,,,,
sample_0857,pair_070,,,,False,,,False,False,False,False,False,False,,,,,,
sample_0858,pair_045,,,,False,,,False,False,False,False,False,False,,,,,,
sample_0859,pair_002,,,,False,,,False,False,False,False,False,False,,,,,,
sample_0860,pair_057,,,,False,,,False,False,False,False,False,False,,,,,,
sample_0861,pair_029,,True,,False,fail,,False,False,False,False,False,False,3.5,,,2.0,,
sample_0862,pair_012,,,,False,,,False,False,False,False,False,False,,,,,,
sample_0863,pair_076,,True,,False,fail,,False,False,False,False,False,False,2.5,,,1.5,,
sample_0864,pair_055,,True,,False,fail,,False,False,False,False,False,False,2.0,,,2.5,,
sample_0865,pair_021,,,,False,,,False,False,False,False,False,False,,,,,,
sample_0866,pair_056,,,,False,,,False,False,False,False,False,False,,,,,,
sample_0867,pair_030,,True,,False,fail,,False,False,False,False,False,False,2.5,,,2.5,,
sample_0868,pair_013,,True,,False,fail,,False,False,False,False,False,False,4.5,,,2.5,,
sample_0869,pair_078,,False,,False,disagree,,False,False,False,False,False,False,4.0,,,3.5,,
sample_0870,pair_017,,,,False,,,False,False,False,False,False,False,,,,,,
sample_0871,pair_095,,,,False,,,False,False,False,False,False,False,,,,,,
sample_0872,pair_031,,,,False,,,False,False,False,False,False,False,,,,,,
sample_0873,pair_039,,,,False,,,False,False,False,False,False,False,,,,,,
sample_0874,pair_015,,,,False,,,False,False,False,False,False,False,,,,,,
sample_0875,pair_031,,,,False,,,False,False,False,False,False,False,,,,,,
sample_0876,pair_050,,False,,False,disagree,,False,False,False,False,False,False,4.5,,,4.0,,
sample_0877,pair_038,,False,,False,disagree,,False,False,False,False,False,False,3.5,,,3.5,,
sample_0878,pair_063,,,,False,,,False,False,False,False,False,False,,,,,,
sample_0879,pair_015,,,True,False,,fail,False,False,False,False,False,False,,3.0,,,3.0,
sample_0880,pair_072,,,,False,,,False,False,False,False,False,False,,,,,,
sample_0881,pair_089,,True,,False,fail,,False,False,False,False,False,False,4.5,,,1.5,,
sample_0882,pair_100,,,,False,,,False,False,False,False,False,False,,,,,,
sample_0883,pair_003,,,,False,,,False,False,False,False,False,False,,,,,,
sample_0884,pair_074,,,,False,,,False,False,False,False,False,False,,,,,,
sample_0885,pair_056,,,True,False,,fail,False,False,False,False,False,False,,0.5,,,0.5,
sample_0886,pair_038,,,,False,,,False,False,False,False,False,False,,,,,,
sample_0887,pair_060,,,,False,,,False,False,False,False,False,False,,,,,,
sample_0888,pair_004,,,True,False,,fail,False,False,False,False,False,False,,2.0,,,2.5,
sample_0889,pair_013,,,,False,,,False,False,False,False,False,False,,,,,,
sample_0890,pair_075,,,,False,,,False,False,False,False,False,False,,,,,,
sample_0891,pair_078,,,,False,,,False,False,False,False,False,False,,,,,,
sample_0892,pair_076,,,,False,,,False,False,False,False,False,False,,,,,,
sample_0893,pair_087,,,,False,,,False,False,False,False,False,False,,,,,,
sample_0894,pair_011,,,,False,,,False,False,False,False,False,False,,,,,,
sample_0895,pair_046,,,,False,,,False,False,False,False,False,False,,,,,,
sample_0896,pair_032,,,,False,,,False,False,False,False,False,False,,,,,,
sample_0897,pair_042,,,,False,,,False,False,False,False,False,False,,,,,,
sample_0898,pair_089,,,,False,,,False,False,False,False,False,False,,,,,,
sample_0899,pair_077,,False,,False,disagree,,False,False,False,False,False,False,3.0,,,3.5,,
sample_0900,pair_003,,,,False,,,False,False,False,False,False,False,,,,,,
