sample_id,pair_id,pair_index,seed_group,replicate,latent_seed,native_eval_id,lsda_eval_id,native_correct,native_drift,lsda_correct,lsda_drift,transition
sample_0001,pair_060,60,1,1,1011,eval_0571,eval_0492,0,1,0,1,persistent_failure
sample_0002,pair_010,10,1,2,1012,eval_0745,eval_1534,1,0,1,0,both_correct
sample_0003,pair_013,13,3,1,3031,eval_0096,eval_1679,0,1,1,0,restored
sample_0004,pair_100,100,2,2,2022,eval_0482,eval_1041,1,0,1,0,both_correct
sample_0005,pair_029,29,2,1,2021,eval_0357,eval_0158,0,1,1,0,restored
sample_0006,pair_054,54,3,2,3032,eval_0186,eval_0647,0,1,1,0,restored
sample_0007,pair_087,87,1,1,1011,eval_0707,eval_0367,1,0,1,0,both_correct
sample_0008,pair_077,77,3,3,3033,eval_1765,eval_0302,0,1,1,0,restored
sample_0009,pair_068,68,2,1,2021,eval_0727,eval_0387,1,0,1,0,both_correct
sample_0010,pair_084,84,3,3,3033,eval_0642,eval_0876,0,1,1,0,restored
sample_0011,pair_099,99,3,2,3032,eval_0691,eval_0578,1,0,1,0,both_correct
sample_0012,pair_093,93,3,2,3032,eval_1274,eval_1687,1,0,1,0,both_correct
sample_0013,pair_051,51,3,2,3032,eval_1211,eval_0632,1,0,1,0,both_correct
sample_0014,pair_026,26,2,2,2022,eval_0257,eval_0353,1,0,1,0,both_correct
sample_0015,pair_100,100,2,3,2023,eval_0033,eval_1076,1,0,1,0,both_correct
sample_0016,pair_018,18,3,1,3031,eval_1468,eval_0147,0,1,1,0,restored
sample_0017,pair_080,80,3,2,3032,eval_0637,eval_1158,1,0,1,0,both_correct
sample_0018,pair_057,57,1,1,1011,eval_0880,eval_0810,1,0,1,0,both_correct
sample_0019,pair_053,53,3,1,3031,eval_0521,eval_0409,1,0,1,0,both_correct
sample_0020,pair_045,45,2,1,2021,eval_0031,eval_1185,1,0,1,0,both_correct
sample_0021,pair_065,65,1,1,1011,eval_0148,eval_1398,0,1,0,1,persistent_failure
sample_0022,pair_041,41,2,1,2021,eval_1685,eval_0219,1,0,1,0,both_correct
sample_0023,pair_086,86,3,1,3031,eval_1722,eval_0796,1,0,1,0,both_correct
sample_0024,pair_029,29,3,2,3032,eval_0190,eval_1693,0,1,1,0,restored
sample_0025,pair_055,55,2,1,2021,eval_0385,eval_1075,1,0,1,0,both_correct
sample_0026,pair_069,69,3,1,3031,eval_0934,eval_1375,0,1,1,0,restored
sample_0027,pair_078,78,2,1,2021,eval_1778,eval_0667,0,1,1,0,restored
sample_0028,pair_039,39,1,1,1011,eval_1328,eval_1453,1,0,1,0,both_correct
sample_0029,pair_079,79,3,2,3032,eval_0813,eval_0824,1,0,1,0,both_correct
sample_0030,pair_088,88,2,2,2022,eval_0611,eval_0789,0,1,1,0,restored
sample_0031,pair_085,85,1,1,1011,eval_0830,eval_0102,1,0,1,0,both_correct
sample_0032,pair_074,74,1,1,1011,eval_1176,eval_1319,1,0,1,0,both_correct
sample_0033,pair_095,95,2,2,2022,eval_0865,eval_1751,1,0,1,0,both_correct
sample_0034,pair_010,10,2,3,2023,eval_0149,eval_1706,1,0,1,0,both_correct
sample_0035,pair_087,87,3,1,3031,eval_1638,eval_1570,0,1,1,0,restored
sample_0036,pair_053,53,1,3,1013,eval_0870,eval_1380,1,0,1,0,both_correct
sample_0037,pair_088,88,3,3,3033,eval_0523,eval_1583,1,0,1,0,both_correct
sample_0038,pair_089,89,2,3,2023,eval_0914,eval_1647,0,1,1,0,restored
sample_0039,pair_073,73,2,3,2023,eval_0993,eval_1776,1,0,1,0,both_correct
sample_0040,pair_006,6,1,1,1011,eval_0722,eval_0567,0,1,0,1,persistent_failure
sample_0041,pair_068,68,2,3,2023,eval_0310,eval_0124,1,0,1,0,both_correct
sample_0042,pair_033,33,1,2,1012,eval_0561,eval_0448,1,0,1,0,both_correct
sample_0043,pair_017,17,2,2,2022,eval_0648,eval_0047,1,0,1,0,both_correct
sample_0044,pair_020,20,3,3,3033,eval_1223,eval_0217,0,1,1,0,restored
sample_0045,pair_027,27,3,1,3031,eval_1128,eval_0159,0,1,1,0,restored
sample_0046,pair_067,67,3,3,3033,eval_1399,eval_1260,1,0,1,0,both_correct
sample_0047,pair_052,52,3,1,3031,eval_1404,eval_1166,1,0,1,0,both_correct
sample_0048,pair_033,33,1,3,1013,eval_0935,eval_1391,0,1,1,0,restored
sample_0049,pair_009,9,2,1,2021,eval_1529,eval_0334,0,1,1,0,restored
sample_0050,pair_058,58,1,2,1012,eval_0834,eval_1748,1,0,1,0,both_correct
sample_0051,pair_097,97,2,3,2023,eval_0131,eval_1292,1,0,1,0,both_correct
sample_0052,pair_047,47,2,1,2021,eval_1596,eval_1225,1,0,1,0,both_correct
sample_0053,pair_011,11,1,2,1012,eval_1711,eval_1234,1,0,1,0,both_correct
sample_0054,pair_046,46,2,2,2022,eval_1600,eval_0450,0,1,0,1,persistent_failure
sample_0055,pair_071,71,3,1,3031,eval_0013,eval_0556,0,1,1,0,restored
sample_0056,pair_021,21,1,3,1013,eval_0589,eval_1572,1,0,1,0,both_correct
sample_0057,pair_097,97,3,1,3031,eval_1779,eval_0223,1,0,1,0,both_correct
sample_0058,pair_024,24,2,3,2023,eval_0049,eval_1365,1,0,1,0,both_correct
sample_0059,pair_018,18,2,2,2022,eval_0364,eval_0635,0,1,1,0,restored
sample_0060,pair_016,16,1,1,1011,eval_1746,eval_1753,1,0,1,0,both_correct
sample_0061,pair_028,28,2,1,2021,eval_0591,eval_0146,1,0,1,0,both_correct
sample_0062,pair_021,21,1,1,1011,eval_0299,eval_0895,1,0,1,0,both_correct
sample_0063,pair_007,7,1,1,1011,eval_0073,eval_0106,1,0,1,0,both_correct
sample_0064,pair_040,40,3,3,3033,eval_0859,eval_0441,1,0,1,0,both_correct
sample_0065,pair_042,42,3,2,3032,eval_0126,eval_1731,1,0,1,0,both_correct
sample_0066,pair_018,18,2,3,2023,eval_1635,eval_1341,1,0,1,0,both_correct
sample_0067,pair_043,43,3,3,3033,eval_0940,eval_0314,1,0,1,0,both_correct
sample_0068,pair_061,61,2,3,2023,eval_0110,eval_1564,1,0,1,0,both_correct
sample_0069,pair_016,16,2,2,2022,eval_1148,eval_0123,1,0,1,0,both_correct
sample_0070,pair_008,8,1,2,1012,eval_1440,eval_0889,1,0,1,0,both_correct
sample_0071,pair_008,8,3,2,3032,eval_0587,eval_0247,1,0,1,0,both_correct
sample_0072,pair_009,9,3,3,3033,eval_0342,eval_0438,1,0,1,0,both_correct
sample_0073,pair_061,61,3,2,3032,eval_1729,eval_1092,1,0,1,0,both_correct
sample_0074,pair_075,75,1,3,1013,eval_1198,eval_0933,1,0,1,0,both_correct
sample_0075,pair_059,59,2,2,2022,eval_0585,eval_1654,0,1,1,0,restored
sample_0076,pair_023,23,1,3,1013,eval_0056,eval_1575,0,1,1,0,restored
sample_0077,pair_045,45,1,1,1011,eval_1582,eval_0142,1,0,1,0,both_correct
sample_0078,pair_098,98,1,3,1013,eval_0361,eval_0447,1,0,1,0,both_correct
sample_0079,pair_083,83,3,3,3033,eval_0519,eval_0120,1,0,1,0,both_correct
sample_0080,pair_081,81,1,2,1012,eval_0514,eval_0878,0,1,1,0,restored
sample_0081,pair_035,35,3,1,3031,eval_1705,eval_1068,1,0,1,0,both_correct
sample_0082,pair_025,25,1,2,1012,eval_1388,eval_1038,0,1,1,0,restored
sample_0083,pair_055,55,1,3,1013,eval_1597,eval_1528,0,1,1,0,restored
sample_0084,pair_007,7,2,3,2023,eval_0706,eval_0713,1,0,1,0,both_correct
sample_0085,pair_098,98,2,3,2023,eval_0075,eval_1434,1,0,1,0,both_correct
sample_0086,pair_093,93,2,3,2023,eval_1072,eval_1640,1,0,1,0,both_correct
sample_0087,pair_063,63,1,1,1011,eval_1119,eval_0944,1,0,1,0,both_correct
sample_0088,pair_085,85,1,3,1013,eval_0203,eval_0901,1,0,1,0,both_correct
sample_0089,pair_002,2,3,2,3032,eval_0892,eval_1136,1,0,1,0,both_correct
sample_0090,pair_098,98,3,3,3033,eval_1036,eval_0768,1,0,1,0,both_correct
sample_0091,pair_046,46,3,3,3033,eval_0829,eval_0643,1,0,1,0,both_correct
sample_0092,pair_091,91,2,1,2021,eval_0651,eval_1098,0,1,1,0,restored
sample_0093,pair_041,41,1,1,1011,eval_0394,eval_1710,1,0,1,0,both_correct
sample_0094,pair_073,73,1,3,1013,eval_0783,eval_0835,1,0,1,0,both_correct
sample_0095,pair_003,3,2,3,2023,eval_0144,eval_0909,0,1,1,0,restored
sample_0096,pair_048,48,3,3,3033,eval_0759,eval_0906,1,0,1,0,both_correct
sample_0097,pair_094,94,1,2,1012,eval_0170,eval_0551,1,0,1,0,both_correct
sample_0098,pair_027,27,1,1,1011,eval_1508,eval_0932,1,0,1,0,both_correct
sample_0099,pair_004,4,1,3,1013,eval_1187,eval_0483,1,0,1,0,both_correct
sample_0100,pair_071,71,3,3,3033,eval_1598,eval_0522,0,1,1,0,restored
sample_0101,pair_094,94,2,1,2021,eval_1561,eval_1363,1,0,1,0,both_correct
sample_0102,pair_025,25,1,1,1011,eval_1715,eval_0716,0,1,1,0,restored
sample_0103,pair_041,41,3,2,3032,eval_1192,eval_1237,1,0,1,0,both_correct
sample_0104,pair_006,6,2,2,2022,eval_0112,eval_1344,1,0,1,0,both_correct
sample_0105,pair_002,2,2,3,2023,eval_1507,eval_0137,1,0,1,0,both_correct
sample_0106,pair_066,66,2,3,2023,eval_0689,eval_1471,1,0,1,0,both_correct
sample_0107,pair_058,58,1,1,1011,eval_1029,eval_1064,1,0,1,0,both_correct
sample_0108,pair_068,68,1,3,1013,eval_1594,eval_1340,1,0,1,0,both_correct
sample_0109,pair_081,81,2,3,2023,eval_1718,eval_0468,1,0,1,0,both_correct
sample_0110,pair_037,37,2,2,2022,eval_1459,eval_1540,1,0,1,0,both_correct
sample_0111,pair_073,73,2,2,2022,eval_1553,eval_0816,1,0,1,0,both_correct
sample_0112,pair_048,48,2,2,2022,eval_1410,eval_0682,0,1,1,0,restored
sample_0113,pair_009,9,1,3,1013,eval_1681,eval_1684,0,1,1,0,restored
sample_0114,pair_040,40,1,3,1013,eval_0021,eval_0212,1,0,1,0,both_correct
sample_0115,pair_071,71,1,1,1011,eval_1308,eval_1115,1,0,1,0,both_correct
sample_0116,pair_090,90,1,1,1011,eval_0593,eval_0423,1,0,1,0,both_correct
sample_0117,pair_085,85,3,1,3031,eval_1236,eval_0943,1,0,1,0,both_correct
sample_0118,pair_100,100,3,1,3031,eval_1460,eval_1520,0,1,1,0,restored
sample_0119,pair_005,5,3,2,3032,eval_1379,eval_1488,1,0,1,0,both_correct
sample_0120,pair_075,75,1,1,1011,eval_1461,eval_0616,1,0,1,0,both_correct
sample_0121,pair_071,71,2,1,2021,eval_0570,eval_1140,1,0,1,0,both_correct
sample_0122,pair_083,83,3,2,3032,eval_1678,eval_0853,0,1,1,0,restored
sample_0123,pair_013,13,3,2,3032,eval_0060,eval_0600,0,1,1,0,restored
sample_0124,pair_024,24,2,2,2022,eval_1178,eval_0809,1,0,1,0,both_correct
sample_0125,pair_039,39,3,2,3032,eval_1489,eval_0882,1,0,1,0,both_correct
sample_0126,pair_055,55,1,1,1011,eval_1129,eval_1338,1,0,1,0,both_correct
sample_0127,pair_047,47,2,3,2023,eval_0951,eval_0089,0,1,1,0,restored
sample_0128,pair_033,33,3,1,3031,eval_0791,eval_0303,1,0,1,0,both_correct
sample_0129,pair_011,11,1,3,1013,eval_0924,eval_1686,1,0,1,0,both_correct
sample_0130,pair_070,70,2,3,2023,eval_1373,eval_0971,1,0,1,0,both_correct
sample_0131,pair_015,15,3,3,3033,eval_0703,eval_1030,0,1,1,0,restored
sample_0132,pair_075,75,3,3,3033,eval_0242,eval_1558,0,1,1,0,restored
sample_0133,pair_096,96,1,1,1011,eval_0749,eval_1394,1,0,1,0,both_correct
sample_0134,pair_051,51,1,2,1012,eval_0634,eval_1695,1,0,1,0,both_correct
sample_0135,pair_034,34,2,2,2022,eval_1248,eval_0518,0,1,1,0,restored
sample_0136,pair_093,93,3,1,3031,eval_0544,eval_1412,1,0,1,0,both_correct
sample_0137,pair_086,86,1,1,1011,eval_1276,eval_1152,1,0,1,0,both_correct
sample_0138,pair_086,86,2,1,2021,eval_1150,eval_1357,1,0,1,0,both_correct
sample_0139,pair_038,38,1,3,1013,eval_1699,eval_0161,1,0,1,0,both_correct
sample_0140,pair_007,7,1,2,1012,eval_1401,eval_1212,1,0,1,0,both_correct
sample_0141,pair_091,91,3,3,3033,eval_0760,eval_0080,0,1,1,0,restored
sample_0142,pair_076,76,2,1,2021,eval_0133,eval_0313,0,1,1,0,restored
sample_0143,pair_003,3,1,3,1013,eval_1786,eval_0425,1,0,1,0,both_correct
sample_0144,pair_048,48,3,1,3031,eval_0406,eval_1560,1,0,1,0,both_correct
sample_0145,pair_027,27,2,3,2023,eval_0094,eval_1542,0,1,1,0,restored
sample_0146,pair_027,27,3,3,3033,eval_1295,eval_0686,0,1,1,0,restored
sample_0147,pair_003,3,1,2,1012,eval_0781,eval_0757,0,1,1,0,restored
sample_0148,pair_010,10,3,2,3032,eval_0868,eval_1599,1,0,1,0,both_correct
sample_0149,pair_077,77,2,2,2022,eval_0048,eval_1209,1,0,1,0,both_correct
sample_0150,pair_042,42,1,1,1011,eval_0702,eval_0765,1,0,1,0,both_correct
sample_0151,pair_084,84,2,3,2023,eval_0166,eval_1569,0,1,1,0,restored
sample_0152,pair_016,16,2,1,2021,eval_0506,eval_1372,1,0,1,0,both_correct
sample_0153,pair_096,96,1,2,1012,eval_0282,eval_1082,1,0,1,0,both_correct
sample_0154,pair_051,51,3,3,3033,eval_0910,eval_0261,0,1,1,0,restored
sample_0155,pair_081,81,1,3,1013,eval_1181,eval_0598,0,1,1,0,restored
sample_0156,pair_092,92,1,2,1012,eval_0035,eval_0750,1,0,1,0,both_correct
sample_0157,pair_008,8,2,2,2022,eval_0903,eval_0383,1,0,1,0,both_correct
sample_0158,pair_054,54,2,1,2021,eval_0434,eval_1250,0,1,1,0,restored
sample_0159,pair_030,30,1,3,1013,eval_1077,eval_0271,0,1,1,0,restored
sample_0160,pair_099,99,2,2,2022,eval_1085,eval_0344,1,0,1,0,both_correct
sample_0161,pair_089,89,2,2,2022,eval_0797,eval_0442,0,1,1,0,restored
sample_0162,pair_040,40,1,1,1011,eval_1636,eval_0962,1,0,1,0,both_correct
sample_0163,pair_067,67,1,2,1012,eval_0458,eval_0187,1,0,1,0,both_correct
sample_0164,pair_092,92,2,1,2021,eval_0753,eval_0893,1,0,1,0,both_correct
sample_0165,pair_033,33,2,3,2023,eval_0725,eval_1661,1,0,1,0,both_correct
sample_0166,pair_096,96,3,1,3031,eval_0946,eval_1151,1,0,1,0,both_correct
sample_0167,pair_044,44,3,3,3033,eval_0675,eval_0532,1,0,1,0,both_correct
sample_0168,pair_044,44,2,3,2023,eval_1548,eval_0029,1,0,1,0,both_correct
sample_0169,pair_037,37,2,1,2021,eval_0042,eval_0867,1,0,1,0,both_correct
sample_0170,pair_034,34,1,2,1012,eval_1496,eval_0248,1,0,1,0,both_correct
sample_0171,pair_017,17,2,1,2021,eval_0724,eval_1680,1,0,1,0,both_correct
sample_0172,pair_003,3,2,1,2021,eval_1458,eval_1167,0,1,1,0,restored
sample_0173,pair_097,97,2,2,2022,eval_1740,eval_0490,1,0,1,0,both_correct
sample_0174,pair_094,94,3,1,3031,eval_1592,eval_1133,1,0,1,0,both_correct
sample_0175,pair_077,77,3,2,3032,eval_0206,eval_1477,1,0,1,0,both_correct
sample_0176,pair_092,92,3,3,3033,eval_1322,eval_0403,1,0,1,0,both_correct
sample_0177,pair_066,66,1,3,1013,eval_1467,eval_0846,1,0,1,0,both_correct
sample_0178,pair_060,60,3,1,3031,eval_0670,eval_0228,0,1,1,0,restored
sample_0179,pair_096,96,2,3,2023,eval_0006,eval_1414,0,1,1,0,restored
sample_0180,pair_035,35,1,3,1013,eval_1422,eval_1656,0,1,0,1,persistent_failure
sample_0181,pair_089,89,3,1,3031,eval_0138,eval_1132,1,0,1,0,both_correct
sample_0182,pair_074,74,1,3,1013,eval_1783,eval_1299,1,0,1,0,both_correct
sample_0183,pair_046,46,2,1,2021,eval_0460,eval_0899,0,1,0,1,persistent_failure
sample_0184,pair_083,83,2,2,2022,eval_1436,eval_0297,0,1,1,0,restored
sample_0185,pair_090,90,2,2,2022,eval_1644,eval_1320,0,1,1,0,restored
sample_0186,pair_088,88,3,2,3032,eval_0904,eval_0139,0,1,1,0,restored
sample_0187,pair_049,49,1,2,1012,eval_1727,eval_1511,1,0,1,0,both_correct
sample_0188,pair_087,87,2,1,2021,eval_1381,eval_0843,1,0,1,0,both_correct
sample_0189,pair_032,32,2,3,2023,eval_1625,eval_1157,1,0,1,0,both_correct
sample_0190,pair_035,35,2,1,2021,eval_1800,eval_1017,0,1,1,0,restored
sample_0191,pair_024,24,1,1,1011,eval_0968,eval_0439,1,0,1,0,both_correct
sample_0192,pair_085,85,3,3,3033,eval_0087,eval_0597,1,0,1,0,both_correct
sample_0193,pair_022,22,1,3,1013,eval_0286,eval_0879,1,0,1,0,both_correct
sample_0194,pair_099,99,3,1,3031,eval_0779,eval_0705,1,0,1,0,both_correct
sample_0195,pair_063,63,2,1,2021,eval_1736,eval_1024,1,0,1,0,both_correct
sample_0196,pair_066,66,3,3,3033,eval_0300,eval_0400,0,1,1,0,restored
sample_0197,pair_050,50,1,3,1013,eval_1272,eval_0678,1,0,1,0,both_correct
sample_0198,pair_062,62,2,3,2023,eval_0241,eval_0268,1,0,1,0,both_correct
sample_0199,pair_005,5,1,2,1012,eval_1708,eval_1726,1,0,1,0,both_correct
sample_0200,pair_024,24,3,3,3033,eval_0794,eval_0601,1,0,1,0,both_correct
sample_0201,pair_056,56,3,1,3031,eval_1179,eval_1382,1,0,1,0,both_correct
sample_0202,pair_073,73,1,2,1012,eval_1154,eval_0963,1,0,1,0,both_correct
sample_0203,pair_014,14,3,1,3031,eval_0196,eval_0747,1,0,1,0,both_correct
sample_0204,pair_004,4,1,2,1012,eval_0130,eval_1121,1,0,1,0,both_correct
sample_0205,pair_066,66,2,1,2021,eval_0857,eval_0911,1,0,1,0,both_correct
sample_0206,pair_039,39,2,1,2021,eval_1473,eval_0279,0,1,1,0,restored
sample_0207,pair_027,27,1,2,1012,eval_0777,eval_1682,1,0,1,0,both_correct
sample_0208,pair_064,64,3,1,3031,eval_1648,eval_1084,0,1,1,0,restored
sample_0209,pair_084,84,3,1,3031,eval_0467,eval_1069,0,1,1,0,restored
sample_0210,pair_080,80,1,2,1012,eval_0143,eval_0534,1,0,1,0,both_correct
sample_0211,pair_074,74,2,3,2023,eval_1247,eval_1579,1,0,1,0,both_correct
sample_0212,pair_057,57,2,2,2022,eval_0452,eval_1220,1,0,1,0,both_correct
sample_0213,pair_001,1,2,3,2023,eval_1262,eval_1183,1,0,1,0,both_correct
sample_0214,pair_051,51,2,3,2023,eval_1551,eval_0039,1,0,1,0,both_correct
sample_0215,pair_024,24,1,2,1012,eval_0584,eval_0168,1,0,1,0,both_correct
sample_0216,pair_049,49,2,2,2022,eval_0221,eval_1111,1,0,1,0,both_correct
sample_0217,pair_056,56,2,1,2021,eval_0081,eval_0330,1,0,1,0,both_correct
sample_0218,pair_008,8,1,1,1011,eval_0660,eval_0050,1,0,1,0,both_correct
sample_0219,pair_014,14,1,3,1013,eval_1354,eval_0568,0,1,1,0,restored
sample_0220,pair_094,94,1,1,1011,eval_0365,eval_1470,1,0,1,0,both_correct
sample_0221,pair_097,97,1,2,1012,eval_1213,eval_1637,1,0,1,0,both_correct
sample_0222,pair_068,68,3,3,3033,eval_0255,eval_0363,1,0,1,0,both_correct
sample_0223,pair_077,77,2,1,2021,eval_1667,eval_0427,1,0,1,0,both_correct
sample_0224,pair_055,55,3,1,3031,eval_0405,eval_1730,0,1,0,1,persistent_failure
sample_0225,pair_028,28,3,3,3033,eval_1725,eval_0024,0,1,1,0,restored
sample_0226,pair_019,19,1,3,1013,eval_0404,eval_0884,1,0,1,0,both_correct
sample_0227,pair_023,23,2,3,2023,eval_0528,eval_1203,1,0,1,0,both_correct
sample_0228,pair_037,37,2,3,2023,eval_1717,eval_0028,1,0,1,0,both_correct
sample_0229,pair_067,67,2,2,2022,eval_1362,eval_0942,1,0,0,1,worsened
sample_0230,pair_035,35,3,3,3033,eval_0996,eval_1777,1,0,0,1,worsened
sample_0231,pair_018,18,1,3,1013,eval_0874,eval_1653,1,0,1,0,both_correct
sample_0232,pair_093,93,1,3,1013,eval_0939,eval_1790,1,0,1,0,both_correct
sample_0233,pair_036,36,1,2,1012,eval_0923,eval_1137,1,0,1,0,both_correct
sample_0234,pair_099,99,2,1,2021,eval_0535,eval_0273,1,0,1,0,both_correct
sample_0235,pair_037,37,3,2,3032,eval_0959,eval_0741,1,0,1,0,both_correct
sample_0236,pair_062,62,1,1,1011,eval_1794,eval_0343,0,1,1,0,restored
sample_0237,pair_013,13,1,3,1013,eval_1314,eval_1611,1,0,1,0,both_correct
sample_0238,pair_072,72,3,2,3032,eval_0432,eval_0372,1,0,1,0,both_correct
sample_0239,pair_071,71,1,3,1013,eval_0211,eval_1117,1,0,1,0,both_correct
sample_0240,pair_080,80,1,1,1011,eval_1515,eval_0402,1,0,1,0,both_correct
sample_0241,pair_045,45,2,2,2022,eval_0350,eval_1305,0,1,1,0,restored
sample_0242,pair_022,22,2,2,2022,eval_0326,eval_1608,1,0,1,0,both_correct
sample_0243,pair_015,15,3,2,3032,eval_1416,eval_0690,0,1,1,0,restored
sample_0244,pair_007,7,2,2,2022,eval_1096,eval_0059,1,0,1,0,both_correct
sample_0245,pair_006,6,3,3,3033,eval_0392,eval_0140,1,0,1,0,both_correct
sample_0246,pair_070,70,2,2,2022,eval_1474,eval_0207,1,0,1,0,both_correct
sample_0247,pair_097,97,2,1,2021,eval_0486,eval_0659,1,0,1,0,both_correct
sample_0248,pair_023,23,1,1,1011,eval_0742,eval_0496,0,1,1,0,restored
sample_0249,pair_057,57,2,3,2023,eval_1411,eval_0407,1,0,1,0,both_correct
sample_0250,pair_100,100,3,3,3033,eval_0650,eval_0012,1,0,1,0,both_correct
sample_0251,pair_075,75,3,2,3032,eval_1014,eval_1170,1,0,1,0,both_correct
sample_0252,pair_052,52,1,2,1012,eval_0559,eval_1265,1,0,1,0,both_correct
sample_0253,pair_028,28,2,3,2023,eval_0201,eval_0991,1,0,1,0,both_correct
sample_0254,pair_050,50,2,3,2023,eval_0222,eval_0485,1,0,1,0,both_correct
sample_0255,pair_010,10,1,1,1011,eval_0232,eval_0688,0,1,1,0,restored
sample_0256,pair_057,57,1,2,1012,eval_0099,eval_0838,1,0,1,0,both_correct
sample_0257,pair_019,19,2,1,2021,eval_0068,eval_0527,0,1,1,0,restored
sample_0258,pair_031,31,2,3,2023,eval_0153,eval_1175,1,0,1,0,both_correct
sample_0259,pair_078,78,2,2,2022,eval_0061,eval_0913,0,1,1,0,restored
sample_0260,pair_041,41,1,2,1012,eval_1269,eval_1649,0,1,1,0,restored
sample_0261,pair_004,4,1,1,1011,eval_1342,eval_0025,0,1,1,0,restored
sample_0262,pair_062,62,1,2,1012,eval_1135,eval_1555,0,1,0,1,persistent_failure
sample_0263,pair_031,31,1,3,1013,eval_1144,eval_1669,1,0,1,0,both_correct
sample_0264,pair_012,12,1,3,1013,eval_1120,eval_0358,0,1,1,0,restored
sample_0265,pair_001,1,1,1,1011,eval_1659,eval_0861,1,0,1,0,both_correct
sample_0266,pair_046,46,1,1,1011,eval_0960,eval_1054,0,1,1,0,restored
sample_0267,pair_076,76,3,2,3032,eval_0930,eval_0370,0,1,1,0,restored
sample_0268,pair_041,41,3,1,3031,eval_1689,eval_0790,1,0,1,0,both_correct
sample_0269,pair_089,89,1,1,1011,eval_0646,eval_1177,1,0,1,0,both_correct
sample_0270,pair_021,21,2,1,2021,eval_0463,eval_0555,0,1,1,0,restored
sample_0271,pair_062,62,2,2,2022,eval_1145,eval_1022,1,0,1,0,both_correct
sample_0272,pair_022,22,1,2,1012,eval_0281,eval_1674,1,0,1,0,both_correct
sample_0273,pair_010,10,3,1,3031,eval_0751,eval_1426,1,0,1,0,both_correct
sample_0274,pair_052,52,1,1,1011,eval_1130,eval_1105,0,1,0,1,persistent_failure
sample_0275,pair_093,93,1,1,1011,eval_0493,eval_0832,0,1,1,0,restored
sample_0276,pair_070,70,1,2,1012,eval_0699,eval_0900,1,0,1,0,both_correct
sample_0277,pair_100,100,1,3,1013,eval_1415,eval_0017,1,0,1,0,both_correct
sample_0278,pair_034,34,2,3,2023,eval_1641,eval_0746,1,0,1,0,both_correct
sample_0279,pair_002,2,1,2,1012,eval_0654,eval_0145,1,0,1,0,both_correct
sample_0280,pair_063,63,3,2,3032,eval_0775,eval_0093,0,1,1,0,restored
sample_0281,pair_035,35,2,3,2023,eval_0778,eval_0609,1,0,1,0,both_correct
sample_0282,pair_002,2,1,3,1013,eval_1657,eval_0505,1,0,1,0,both_correct
sample_0283,pair_006,6,3,1,3031,eval_0961,eval_0666,0,1,1,0,restored
sample_0284,pair_059,59,1,1,1011,eval_0178,eval_0755,1,0,1,0,both_correct
sample_0285,pair_090,90,3,1,3031,eval_0335,eval_1633,0,1,1,0,restored
sample_0286,pair_091,91,1,2,1012,eval_0160,eval_1040,0,1,1,0,restored
sample_0287,pair_043,43,1,1,1011,eval_1589,eval_1122,0,1,1,0,restored
sample_0288,pair_066,66,1,1,1011,eval_1703,eval_1796,1,0,1,0,both_correct
sample_0289,pair_058,58,2,1,2021,eval_0967,eval_0481,1,0,1,0,both_correct
sample_0290,pair_092,92,3,2,3032,eval_0941,eval_0266,0,1,0,1,persistent_failure
sample_0291,pair_053,53,1,1,1011,eval_1169,eval_1035,1,0,1,0,both_correct
sample_0292,pair_054,54,2,2,2022,eval_1309,eval_0680,1,0,1,0,both_correct
sample_0293,pair_034,34,3,2,3032,eval_0470,eval_1329,0,1,1,0,restored
sample_0294,pair_053,53,2,2,2022,eval_0920,eval_0986,1,0,1,0,both_correct
sample_0295,pair_009,9,3,1,3031,eval_0484,eval_0457,1,0,1,0,both_correct
sample_0296,pair_090,90,1,3,1013,eval_0540,eval_1645,0,1,1,0,restored
sample_0297,pair_057,57,3,1,3031,eval_0408,eval_1109,1,0,1,0,both_correct
sample_0298,pair_065,65,3,3,3033,eval_0476,eval_0331,1,0,1,0,both_correct
sample_0299,pair_020,20,3,2,3032,eval_0306,eval_0397,1,0,1,0,both_correct
sample_0300,pair_048,48,2,3,2023,eval_0267,eval_0488,1,0,1,0,both_correct
sample_0301,pair_025,25,3,3,3033,eval_0973,eval_1147,0,1,0,1,persistent_failure
sample_0302,pair_093,93,2,1,2021,eval_0937,eval_0229,0,1,1,0,restored
sample_0303,pair_086,86,3,3,3033,eval_0339,eval_1621,1,0,1,0,both_correct
sample_0304,pair_064,64,3,3,3033,eval_1732,eval_0380,1,0,1,0,both_correct
sample_0305,pair_037,37,1,3,1013,eval_0541,eval_0256,1,0,1,0,both_correct
sample_0306,pair_087,87,2,2,2022,eval_0958,eval_1291,1,0,1,0,both_correct
sample_0307,pair_007,7,2,1,2021,eval_0517,eval_1052,1,0,1,0,both_correct
sample_0308,pair_050,50,2,1,2021,eval_0477,eval_1348,1,0,1,0,both_correct
sample_0309,pair_016,16,3,1,3031,eval_0354,eval_1042,1,0,1,0,both_correct
sample_0310,pair_036,36,3,1,3031,eval_1201,eval_0389,0,1,1,0,restored
sample_0311,pair_086,86,2,3,2023,eval_1060,eval_1450,1,0,1,0,both_correct
sample_0312,pair_086,86,1,2,1012,eval_0629,eval_0916,1,0,1,0,both_correct
sample_0313,pair_001,1,1,3,1013,eval_1126,eval_1514,1,0,1,0,both_correct
sample_0314,pair_030,30,2,3,2023,eval_1423,eval_0866,1,0,1,0,both_correct
sample_0315,pair_084,84,2,1,2021,eval_1018,eval_1186,1,0,1,0,both_correct
sample_0316,pair_004,4,3,3,3033,eval_1387,eval_1155,1,0,1,0,both_correct
sample_0317,pair_008,8,3,3,3033,eval_0748,eval_1463,1,0,1,0,both_correct
sample_0318,pair_044,44,1,1,1011,eval_0176,eval_1283,1,0,1,0,both_correct
sample_0319,pair_059,59,3,2,3032,eval_0316,eval_0491,1,0,1,0,both_correct
sample_0320,pair_017,17,1,3,1013,eval_0976,eval_0731,1,0,1,0,both_correct
sample_0321,pair_022,22,3,1,3031,eval_1393,eval_0674,1,0,1,0,both_correct
sample_0322,pair_049,49,1,1,1011,eval_0614,eval_0038,0,1,0,1,persistent_failure
sample_0323,pair_042,42,3,3,3033,eval_0557,eval_0185,1,0,1,0,both_correct
sample_0324,pair_065,65,1,3,1013,eval_1714,eval_0804,1,0,1,0,both_correct
sample_0325,pair_083,83,1,3,1013,eval_1333,eval_1626,0,1,1,0,restored
sample_0326,pair_090,90,1,2,1012,eval_0981,eval_0625,0,1,1,0,restored
sample_0327,pair_033,33,2,1,2021,eval_1567,eval_1728,1,0,1,0,both_correct
sample_0328,pair_071,71,2,3,2023,eval_0327,eval_0263,0,1,0,1,persistent_failure
sample_0329,pair_069,69,1,3,1013,eval_1521,eval_0162,1,0,1,0,both_correct
sample_0330,pair_031,31,2,1,2021,eval_1630,eval_1663,1,0,1,0,both_correct
sample_0331,pair_044,44,1,2,1012,eval_1383,eval_0398,1,0,1,0,both_correct
sample_0332,pair_098,98,1,1,1011,eval_1738,eval_0478,1,0,1,0,both_correct
sample_0333,pair_038,38,3,3,3033,eval_0417,eval_1324,1,0,1,0,both_correct
sample_0334,pair_073,73,2,1,2021,eval_0989,eval_1270,1,0,1,0,both_correct
sample_0335,pair_025,25,2,1,2021,eval_0888,eval_0802,0,1,1,0,restored
sample_0336,pair_070,70,3,1,3031,eval_1787,eval_1593,1,0,1,0,both_correct
sample_0337,pair_009,9,2,2,2022,eval_1516,eval_0856,1,0,1,0,both_correct
sample_0338,pair_040,40,2,3,2023,eval_0576,eval_0604,1,0,1,0,both_correct
sample_0339,pair_061,61,3,3,3033,eval_0129,eval_0653,0,1,1,0,restored
sample_0340,pair_049,49,2,1,2021,eval_0572,eval_1231,0,1,1,0,restored
sample_0341,pair_070,70,3,3,3033,eval_0718,eval_0086,1,0,1,0,both_correct
sample_0342,pair_011,11,2,2,2022,eval_1764,eval_1552,1,0,1,0,both_correct
sample_0343,pair_028,28,3,2,3032,eval_1476,eval_1244,1,0,1,0,both_correct
sample_0344,pair_094,94,1,3,1013,eval_1285,eval_0474,1,0,1,0,both_correct
sample_0345,pair_028,28,1,2,1012,eval_0043,eval_1073,0,1,1,0,restored
sample_0346,pair_083,83,3,1,3031,eval_0456,eval_1448,0,1,1,0,restored
sample_0347,pair_076,76,1,1,1011,eval_0379,eval_1313,0,1,1,0,restored
sample_0348,pair_087,87,3,2,3032,eval_0606,eval_0431,1,0,1,0,both_correct
sample_0349,pair_070,70,1,3,1013,eval_0390,eval_0828,1,0,1,0,both_correct
sample_0350,pair_019,19,1,1,1011,eval_1609,eval_1651,1,0,1,0,both_correct
sample_0351,pair_050,50,3,3,3033,eval_0169,eval_0134,1,0,1,0,both_correct
sample_0352,pair_091,91,1,1,1011,eval_1743,eval_1719,1,0,1,0,both_correct
sample_0353,pair_061,61,2,1,2021,eval_0046,eval_0210,0,1,1,0,restored
sample_0354,pair_036,36,3,2,3032,eval_0554,eval_0004,0,1,1,0,restored
sample_0355,pair_029,29,3,3,3033,eval_1518,eval_0511,0,1,1,0,restored
sample_0356,pair_020,20,2,1,2021,eval_1417,eval_1709,1,0,1,0,both_correct
sample_0357,pair_082,82,3,1,3031,eval_1114,eval_1377,1,0,1,0,both_correct
sample_0358,pair_095,95,3,2,3032,eval_0988,eval_1762,1,0,1,0,both_correct
sample_0359,pair_022,22,3,3,3033,eval_0769,eval_0982,1,0,1,0,both_correct
sample_0360,pair_061,61,1,3,1013,eval_0076,eval_0328,1,0,1,0,both_correct
sample_0361,pair_012,12,3,2,3032,eval_0602,eval_1118,0,1,1,0,restored
sample_0362,pair_080,80,2,3,2023,eval_0717,eval_1080,1,0,1,0,both_correct
sample_0363,pair_011,11,3,1,3031,eval_0193,eval_1251,1,0,1,0,both_correct
sample_0364,pair_088,88,2,1,2021,eval_1457,eval_0063,0,1,1,0,restored
sample_0365,pair_053,53,2,1,2021,eval_0950,eval_0278,1,0,1,0,both_correct
sample_0366,pair_098,98,3,2,3032,eval_1642,eval_0027,1,0,1,0,both_correct
sample_0367,pair_042,42,2,1,2021,eval_1264,eval_0811,0,1,1,0,restored
sample_0368,pair_015,15,1,3,1013,eval_0095,eval_1356,0,1,1,0,restored
sample_0369,pair_020,20,2,2,2022,eval_0785,eval_0621,0,1,1,0,restored
sample_0370,pair_004,4,3,2,3032,eval_1249,eval_0715,1,0,1,0,both_correct
sample_0371,pair_014,14,3,3,3033,eval_0526,eval_0462,1,0,1,0,both_correct
sample_0372,pair_008,8,1,3,1013,eval_0369,eval_0546,1,0,1,0,both_correct
sample_0373,pair_098,98,3,1,3031,eval_0837,eval_1243,0,1,1,0,restored
sample_0374,pair_081,81,1,1,1011,eval_1672,eval_0249,1,0,1,0,both_correct
sample_0375,pair_008,8,3,1,3031,eval_1573,eval_1286,1,0,1,0,both_correct
sample_0376,pair_043,43,2,3,2023,eval_1062,eval_0552,0,1,1,0,restored
sample_0377,pair_074,74,3,1,3031,eval_1431,eval_1284,1,0,1,0,both_correct
sample_0378,pair_042,42,3,1,3031,eval_0156,eval_1775,1,0,1,0,both_correct
sample_0379,pair_067,67,2,3,2023,eval_1275,eval_1784,0,1,1,0,restored
sample_0380,pair_056,56,3,2,3032,eval_0630,eval_0823,1,0,1,0,both_correct
sample_0381,pair_073,73,1,1,1011,eval_0864,eval_0947,1,0,1,0,both_correct
sample_0382,pair_024,24,1,3,1013,eval_1584,eval_1400,1,0,1,0,both_correct
sample_0383,pair_096,96,3,3,3033,eval_1214,eval_0841,1,0,1,0,both_correct
sample_0384,pair_002,2,2,2,2022,eval_0274,eval_0293,1,0,1,0,both_correct
sample_0385,pair_023,23,3,1,3031,eval_0451,eval_0171,1,0,1,0,both_correct
sample_0386,pair_003,3,2,2,2022,eval_0672,eval_0808,0,1,0,1,persistent_failure
sample_0387,pair_080,80,2,2,2022,eval_0872,eval_0078,1,0,1,0,both_correct
sample_0388,pair_065,65,3,1,3031,eval_0177,eval_0188,1,0,1,0,both_correct
sample_0389,pair_083,83,2,1,2021,eval_0443,eval_1311,1,0,1,0,both_correct
sample_0390,pair_084,84,3,2,3032,eval_1628,eval_1253,0,1,1,0,restored
sample_0391,pair_044,44,3,2,3032,eval_0230,eval_1506,1,0,1,0,both_correct
sample_0392,pair_079,79,1,2,1012,eval_1097,eval_0487,1,0,1,0,both_correct
sample_0393,pair_037,37,1,1,1011,eval_1360,eval_0184,1,0,1,0,both_correct
sample_0394,pair_032,32,2,2,2022,eval_0419,eval_0803,1,0,1,0,both_correct
sample_0395,pair_051,51,1,1,1011,eval_0964,eval_1562,1,0,1,0,both_correct
sample_0396,pair_080,80,3,1,3031,eval_1378,eval_0337,1,0,1,0,both_correct
sample_0397,pair_094,94,3,3,3033,eval_1482,eval_0862,1,0,1,0,both_correct
sample_0398,pair_091,91,2,2,2022,eval_1174,eval_1125,1,0,1,0,both_correct
sample_0399,pair_002,2,3,1,3031,eval_0259,eval_0854,0,1,1,0,restored
sample_0400,pair_042,42,2,3,2023,eval_1358,eval_0323,1,0,1,0,both_correct
sample_0401,pair_095,95,3,3,3033,eval_1559,eval_1367,1,0,1,0,both_correct
sample_0402,pair_099,99,3,3,3033,eval_0251,eval_1421,1,0,1,0,both_correct
sample_0403,pair_059,59,1,3,1013,eval_0721,eval_1221,0,1,1,0,restored
sample_0404,pair_019,19,2,2,2022,eval_1799,eval_1557,0,1,1,0,restored
sample_0405,pair_098,98,2,2,2022,eval_1495,eval_1498,0,1,1,0,restored
sample_0406,pair_098,98,1,2,1012,eval_1048,eval_1044,1,0,1,0,both_correct
sample_0407,pair_030,30,3,3,3033,eval_0305,eval_0308,1,0,1,0,both_correct
sample_0408,pair_097,97,1,1,1011,eval_1629,eval_1761,1,0,1,0,both_correct
sample_0409,pair_067,67,1,3,1013,eval_1258,eval_0548,1,0,1,0,both_correct
sample_0410,pair_099,99,1,2,1012,eval_1424,eval_0847,1,0,1,0,both_correct
sample_0411,pair_045,45,1,2,1012,eval_0815,eval_0758,1,0,1,0,both_correct
sample_0412,pair_088,88,1,1,1011,eval_1371,eval_1547,0,1,1,0,restored
sample_0413,pair_098,98,2,1,2021,eval_0213,eval_1171,1,0,1,0,both_correct
sample_0414,pair_082,82,2,1,2021,eval_0798,eval_0333,1,0,1,0,both_correct
sample_0415,pair_026,26,1,3,1013,eval_1057,eval_1288,1,0,1,0,both_correct
sample_0416,pair_014,14,1,2,1012,eval_0125,eval_0697,0,1,0,1,persistent_failure
sample_0417,pair_055,55,2,2,2022,eval_0668,eval_0509,1,0,1,0,both_correct
sample_0418,pair_001,1,1,2,1012,eval_0638,eval_0508,1,0,1,0,both_correct
sample_0419,pair_083,83,1,2,1012,eval_0566,eval_0887,1,0,1,0,both_correct
sample_0420,pair_068,68,2,2,2022,eval_0701,eval_0151,1,0,1,0,both_correct
sample_0421,pair_033,33,3,3,3033,eval_0628,eval_0026,1,0,1,0,both_correct
sample_0422,pair_030,30,3,2,3032,eval_0243,eval_0189,1,0,1,0,both_correct
sample_0423,pair_082,82,2,2,2022,eval_1587,eval_0007,1,0,1,0,both_correct
sample_0424,pair_032,32,3,2,3032,eval_0001,eval_1306,1,0,1,0,both_correct
sample_0425,pair_019,19,3,3,3033,eval_1797,eval_0921,0,1,1,0,restored
sample_0426,pair_012,12,2,2,2022,eval_1613,eval_0925,0,1,1,0,restored
sample_0427,pair_056,56,1,1,1011,eval_1643,eval_1290,1,0,1,0,both_correct
sample_0428,pair_093,93,2,2,2022,eval_1210,eval_1586,1,0,1,0,both_correct
sample_0429,pair_057,57,3,2,3032,eval_1259,eval_0469,1,0,1,0,both_correct
sample_0430,pair_047,47,1,2,1012,eval_0883,eval_0231,0,1,1,0,restored
sample_0431,pair_003,3,3,2,3032,eval_0216,eval_1646,0,1,1,0,restored
sample_0432,pair_028,28,1,1,1011,eval_0907,eval_0057,1,0,1,0,both_correct
sample_0433,pair_029,29,1,3,1013,eval_0613,eval_1769,1,0,1,0,both_correct
sample_0434,pair_026,26,3,1,3031,eval_0016,eval_1720,0,1,1,0,restored
sample_0435,pair_019,19,3,2,3032,eval_0199,eval_1289,1,0,1,0,both_correct
sample_0436,pair_043,43,2,2,2022,eval_0453,eval_1325,1,0,1,0,both_correct
sample_0437,pair_020,20,2,3,2023,eval_0984,eval_1755,0,1,0,1,persistent_failure
sample_0438,pair_048,48,1,3,1013,eval_1304,eval_1331,1,0,1,0,both_correct
sample_0439,pair_047,47,1,3,1013,eval_1005,eval_0595,1,0,1,0,both_correct
sample_0440,pair_067,67,3,2,3032,eval_1716,eval_1658,0,1,1,0,restored
sample_0441,pair_021,21,2,3,2023,eval_1677,eval_1721,1,0,1,0,both_correct
sample_0442,pair_014,14,1,1,1011,eval_1503,eval_1222,0,1,1,0,restored
sample_0443,pair_007,7,3,3,3033,eval_1194,eval_1095,1,0,1,0,both_correct
sample_0444,pair_049,49,3,3,3033,eval_1059,eval_1782,1,0,1,0,both_correct
sample_0445,pair_006,6,3,2,3032,eval_1106,eval_0603,1,0,1,0,both_correct
sample_0446,pair_091,91,3,1,3031,eval_0014,eval_1165,0,1,1,0,restored
sample_0447,pair_057,57,1,3,1013,eval_1208,eval_0373,1,0,1,0,both_correct
sample_0448,pair_089,89,2,1,2021,eval_1454,eval_0040,0,1,1,0,restored
sample_0449,pair_072,72,1,3,1013,eval_1509,eval_0045,1,0,1,0,both_correct
sample_0450,pair_035,35,3,2,3032,eval_1256,eval_0979,1,0,1,0,both_correct
sample_0451,pair_088,88,1,3,1013,eval_1702,eval_1195,0,1,1,0,restored
sample_0452,pair_089,89,1,3,1013,eval_1361,eval_0792,1,0,1,0,both_correct
sample_0453,pair_048,48,1,1,1011,eval_1293,eval_0969,1,0,1,0,both_correct
sample_0454,pair_092,92,1,1,1011,eval_0198,eval_1770,1,0,1,0,both_correct
sample_0455,pair_059,59,3,3,3033,eval_1070,eval_0374,1,0,1,0,both_correct
sample_0456,pair_006,6,1,2,1012,eval_0291,eval_0549,1,0,1,0,both_correct
sample_0457,pair_055,55,3,3,3033,eval_1031,eval_0104,1,0,1,0,both_correct
sample_0458,pair_014,14,2,2,2022,eval_1000,eval_1588,1,0,1,0,both_correct
sample_0459,pair_012,12,2,1,2021,eval_1767,eval_0141,1,0,1,0,both_correct
sample_0460,pair_095,95,3,1,3031,eval_0558,eval_0426,1,0,1,0,both_correct
sample_0461,pair_084,84,2,2,2022,eval_1533,eval_0011,0,1,1,0,restored
sample_0462,pair_043,43,1,2,1012,eval_1088,eval_0262,1,0,1,0,both_correct
sample_0463,pair_046,46,3,1,3031,eval_1207,eval_0424,0,1,1,0,restored
sample_0464,pair_052,52,3,3,3033,eval_0836,eval_1480,0,1,1,0,restored
sample_0465,pair_028,28,1,3,1013,eval_0953,eval_0307,1,0,1,0,both_correct
sample_0466,pair_032,32,3,3,3033,eval_0118,eval_1700,0,1,1,0,restored
sample_0467,pair_058,58,1,3,1013,eval_0329,eval_0091,0,1,1,0,restored
sample_0468,pair_022,22,2,3,2023,eval_0322,eval_0117,1,0,1,0,both_correct
sample_0469,pair_036,36,1,1,1011,eval_0019,eval_1303,0,1,1,0,restored
sample_0470,pair_064,64,1,1,1011,eval_0336,eval_1168,1,0,1,0,both_correct
sample_0471,pair_015,15,2,3,2023,eval_1713,eval_1566,0,1,0,1,persistent_failure
sample_0472,pair_020,20,3,1,3031,eval_0957,eval_0852,1,0,1,0,both_correct
sample_0473,pair_018,18,3,2,3032,eval_0182,eval_1724,1,0,1,0,both_correct
sample_0474,pair_039,39,1,2,1012,eval_1066,eval_1011,1,0,1,0,both_correct
sample_0475,pair_034,34,1,3,1013,eval_0100,eval_0295,1,0,1,0,both_correct
sample_0476,pair_054,54,3,3,3033,eval_1427,eval_1116,1,0,1,0,both_correct
sample_0477,pair_099,99,1,1,1011,eval_0780,eval_1355,1,0,1,0,both_correct
sample_0478,pair_010,10,1,3,1013,eval_0536,eval_0466,1,0,1,0,both_correct
sample_0479,pair_069,69,2,2,2022,eval_0494,eval_1261,0,1,1,0,restored
sample_0480,pair_009,9,2,3,2023,eval_0239,eval_1517,1,0,1,0,both_correct
sample_0481,pair_093,93,1,2,1012,eval_1478,eval_0347,1,0,1,0,both_correct
sample_0482,pair_029,29,2,3,2023,eval_1091,eval_0292,1,0,1,0,both_correct
sample_0483,pair_057,57,3,3,3033,eval_0157,eval_0416,1,0,1,0,both_correct
sample_0484,pair_069,69,3,2,3032,eval_1235,eval_1737,0,1,1,0,restored
sample_0485,pair_034,34,3,3,3033,eval_0641,eval_1039,0,1,1,0,restored
sample_0486,pair_065,65,1,2,1012,eval_0848,eval_1087,1,0,1,0,both_correct
sample_0487,pair_079,79,2,1,2021,eval_1352,eval_0833,1,0,0,1,worsened
sample_0488,pair_099,99,2,3,2023,eval_0105,eval_0064,1,0,1,0,both_correct
sample_0489,pair_053,53,3,2,3032,eval_0472,eval_1021,1,0,1,0,both_correct
sample_0490,pair_067,67,3,1,3031,eval_1242,eval_1219,1,0,1,0,both_correct
sample_0491,pair_078,78,3,2,3032,eval_1197,eval_1230,1,0,1,0,both_correct
sample_0492,pair_009,9,3,2,3032,eval_0618,eval_0122,1,0,1,0,both_correct
sample_0493,pair_047,47,3,2,3032,eval_0410,eval_0388,1,0,1,0,both_correct
sample_0494,pair_044,44,1,3,1013,eval_0499,eval_1631,0,1,1,0,restored
sample_0495,pair_023,23,2,1,2021,eval_0301,eval_0044,1,0,1,0,both_correct
sample_0496,pair_051,51,2,1,2021,eval_0766,eval_0224,1,0,1,0,both_correct
sample_0497,pair_005,5,1,1,1011,eval_0590,eval_0579,1,0,1,0,both_correct
sample_0498,pair_072,72,2,3,2023,eval_1003,eval_1615,0,1,1,0,restored
sample_0499,pair_079,79,1,1,1011,eval_0083,eval_0919,0,1,0,1,persistent_failure
sample_0500,pair_059,59,2,3,2023,eval_1321,eval_0005,0,1,1,0,restored
sample_0501,pair_066,66,1,2,1012,eval_1138,eval_0711,1,0,1,0,both_correct
sample_0502,pair_036,36,1,3,1013,eval_1614,eval_1090,1,0,1,0,both_correct
sample_0503,pair_092,92,1,3,1013,eval_1487,eval_0088,1,0,1,0,both_correct
sample_0504,pair_080,80,3,3,3033,eval_1675,eval_0275,1,0,1,0,both_correct
sample_0505,pair_090,90,2,1,2021,eval_0999,eval_0800,0,1,1,0,restored
sample_0506,pair_026,26,3,3,3033,eval_0437,eval_0784,1,0,1,0,both_correct
sample_0507,pair_015,15,1,2,1012,eval_1550,eval_0663,1,0,1,0,both_correct
sample_0508,pair_095,95,1,1,1011,eval_1056,eval_1206,1,0,1,0,both_correct
sample_0509,pair_085,85,2,1,2021,eval_1053,eval_0495,1,0,1,0,both_correct
sample_0510,pair_025,25,1,3,1013,eval_1273,eval_0622,0,1,1,0,restored
sample_0511,pair_023,23,2,2,2022,eval_0908,eval_0304,0,1,1,0,restored
sample_0512,pair_011,11,2,1,2021,eval_1419,eval_1026,1,0,0,1,worsened
sample_0513,pair_058,58,3,2,3032,eval_1191,eval_1046,0,1,1,0,restored
sample_0514,pair_064,64,2,1,2021,eval_0101,eval_1494,1,0,1,0,both_correct
sample_0515,pair_086,86,1,3,1013,eval_1027,eval_0346,1,0,1,0,both_correct
sample_0516,pair_073,73,3,1,3031,eval_0580,eval_1071,0,1,1,0,restored
sample_0517,pair_075,75,2,2,2022,eval_0163,eval_0290,1,0,1,0,both_correct
sample_0518,pair_013,13,2,1,2021,eval_1442,eval_0774,0,1,1,0,restored
sample_0519,pair_090,90,2,3,2023,eval_1347,eval_1263,1,0,1,0,both_correct
sample_0520,pair_060,60,1,3,1013,eval_1670,eval_0449,1,0,1,0,both_correct
sample_0521,pair_064,64,3,2,3032,eval_1334,eval_0529,1,0,1,0,both_correct
sample_0522,pair_079,79,2,2,2022,eval_1742,eval_1673,1,0,1,0,both_correct
sample_0523,pair_045,45,3,3,3033,eval_0970,eval_1407,0,1,0,1,persistent_failure
sample_0524,pair_026,26,2,1,2021,eval_0564,eval_0812,1,0,1,0,both_correct
sample_0525,pair_037,37,3,1,3031,eval_1063,eval_0321,1,0,1,0,both_correct
sample_0526,pair_046,46,1,3,1013,eval_0413,eval_0150,0,1,0,1,persistent_failure
sample_0527,pair_011,11,2,3,2023,eval_1413,eval_1734,1,0,1,0,both_correct
sample_0528,pair_039,39,2,2,2022,eval_1300,eval_1430,0,1,1,0,restored
sample_0529,pair_007,7,3,2,3032,eval_0324,eval_0545,1,0,1,0,both_correct
sample_0530,pair_067,67,2,1,2021,eval_0547,eval_1435,1,0,1,0,both_correct
sample_0531,pair_042,42,1,3,1013,eval_1009,eval_1760,1,0,1,0,both_correct
sample_0532,pair_054,54,2,3,2023,eval_0062,eval_1690,1,0,1,0,both_correct
sample_0533,pair_038,38,2,3,2023,eval_0677,eval_0662,1,0,1,0,both_correct
sample_0534,pair_036,36,2,1,2021,eval_1047,eval_1683,1,0,1,0,both_correct
sample_0535,pair_013,13,2,2,2022,eval_1554,eval_0377,0,1,0,1,persistent_failure
sample_0536,pair_027,27,1,3,1013,eval_1245,eval_1271,0,1,0,1,persistent_failure
sample_0537,pair_072,72,3,1,3031,eval_1502,eval_0610,1,0,1,0,both_correct
sample_0538,pair_088,88,1,2,1012,eval_0772,eval_0819,1,0,1,0,both_correct
sample_0539,pair_047,47,3,1,3031,eval_0233,eval_1500,1,0,1,0,both_correct
sample_0540,pair_072,72,1,2,1012,eval_1771,eval_0332,1,0,1,0,both_correct
sample_0541,pair_069,69,2,3,2023,eval_0244,eval_0041,1,0,1,0,both_correct
sample_0542,pair_052,52,1,3,1013,eval_1301,eval_0127,0,1,1,0,restored
sample_0543,pair_083,83,2,3,2023,eval_1576,eval_1617,0,1,1,0,restored
sample_0544,pair_100,100,2,1,2021,eval_1004,eval_1793,1,0,1,0,both_correct
sample_0545,pair_075,75,1,2,1012,eval_0065,eval_1316,0,1,1,0,restored
sample_0546,pair_049,49,2,3,2023,eval_0658,eval_1499,1,0,1,0,both_correct
sample_0547,pair_089,89,3,2,3032,eval_0167,eval_0873,0,1,1,0,restored
sample_0548,pair_038,38,3,2,3032,eval_0972,eval_0683,1,0,1,0,both_correct
sample_0549,pair_059,59,1,2,1012,eval_0998,eval_0776,1,0,1,0,both_correct
sample_0550,pair_048,48,2,1,2021,eval_1750,eval_0787,1,0,1,0,both_correct
sample_0551,pair_074,74,3,2,3032,eval_1428,eval_0710,1,0,1,0,both_correct
sample_0552,pair_088,88,2,3,2023,eval_0896,eval_1143,0,1,1,0,restored
sample_0553,pair_037,37,3,3,3033,eval_0113,eval_1627,0,1,1,0,restored
sample_0554,pair_069,69,1,2,1012,eval_1531,eval_0085,1,0,1,0,both_correct
sample_0555,pair_043,43,1,3,1013,eval_1537,eval_1519,1,0,1,0,both_correct
sample_0556,pair_009,9,1,2,1012,eval_1141,eval_0583,1,0,1,0,both_correct
sample_0557,pair_052,52,3,2,3032,eval_0734,eval_0077,0,1,1,0,restored
sample_0558,pair_043,43,2,1,2021,eval_1346,eval_1581,1,0,1,0,both_correct
sample_0559,pair_018,18,3,3,3033,eval_1774,eval_0756,0,1,0,1,persistent_failure
sample_0560,pair_054,54,1,1,1011,eval_1444,eval_1664,1,0,1,0,both_correct
sample_0561,pair_091,91,1,3,1013,eval_1113,eval_1180,1,0,1,0,both_correct
sample_0562,pair_070,70,1,1,1011,eval_0338,eval_1374,0,1,1,0,restored
sample_0563,pair_093,93,3,3,3033,eval_0454,eval_1513,1,0,1,0,both_correct
sample_0564,pair_031,31,3,1,3031,eval_0926,eval_0003,1,0,1,0,both_correct
sample_0565,pair_005,5,2,3,2023,eval_0500,eval_1131,0,1,1,0,restored
sample_0566,pair_020,20,1,3,1013,eval_0381,eval_1438,0,1,1,0,restored
sample_0567,pair_021,21,3,2,3032,eval_1196,eval_0562,1,0,1,0,both_correct
sample_0568,pair_028,28,3,1,3031,eval_1483,eval_0128,1,0,1,0,both_correct
sample_0569,pair_040,40,1,2,1012,eval_0265,eval_0181,1,0,1,0,both_correct
sample_0570,pair_061,61,2,2,2022,eval_0664,eval_1020,1,0,1,0,both_correct
sample_0571,pair_073,73,3,2,3032,eval_0209,eval_1173,1,0,1,0,both_correct
sample_0572,pair_086,86,3,2,3032,eval_1425,eval_1532,1,0,1,0,both_correct
sample_0573,pair_029,29,1,1,1011,eval_1397,eval_1688,1,0,1,0,both_correct
sample_0574,pair_095,95,2,3,2023,eval_1574,eval_1278,1,0,1,0,both_correct
sample_0575,pair_092,92,2,3,2023,eval_1050,eval_0516,1,0,1,0,both_correct
sample_0576,pair_079,79,2,3,2023,eval_0980,eval_1624,1,0,1,0,both_correct
sample_0577,pair_052,52,2,3,2023,eval_1604,eval_0850,1,0,1,0,both_correct
sample_0578,pair_068,68,3,2,3032,eval_1451,eval_0194,1,0,1,0,both_correct
sample_0579,pair_006,6,2,3,2023,eval_0799,eval_1058,0,1,1,0,restored
sample_0580,pair_034,34,3,1,3031,eval_1745,eval_0066,1,0,1,0,both_correct
sample_0581,pair_045,45,2,3,2023,eval_1255,eval_0360,0,1,1,0,restored
sample_0582,pair_018,18,1,2,1012,eval_0513,eval_1580,0,1,1,0,restored
sample_0583,pair_078,78,3,3,3033,eval_0202,eval_1315,1,0,1,0,both_correct
sample_0584,pair_051,51,2,2,2022,eval_0965,eval_0226,1,0,1,0,both_correct
sample_0585,pair_036,36,2,2,2022,eval_1010,eval_0596,1,0,1,0,both_correct
sample_0586,pair_025,25,2,3,2023,eval_0325,eval_0371,0,1,1,0,restored
sample_0587,pair_081,81,3,1,3031,eval_0617,eval_1485,1,0,1,0,both_correct
sample_0588,pair_035,35,1,2,1012,eval_0284,eval_1530,1,0,1,0,both_correct
sample_0589,pair_028,28,2,2,2022,eval_0966,eval_0736,1,0,1,0,both_correct
sample_0590,pair_077,77,1,2,1012,eval_1441,eval_0938,1,0,1,0,both_correct
sample_0591,pair_063,63,2,2,2022,eval_1202,eval_1045,1,0,1,0,both_correct
sample_0592,pair_021,21,2,2,2022,eval_0788,eval_0010,0,1,1,0,restored
sample_0593,pair_019,19,3,1,3031,eval_0121,eval_1336,1,0,1,0,both_correct
sample_0594,pair_049,49,3,2,3032,eval_0698,eval_1671,1,0,1,0,both_correct
sample_0595,pair_044,44,2,1,2021,eval_0378,eval_0849,1,0,1,0,both_correct
sample_0596,pair_017,17,1,2,1012,eval_0034,eval_0368,1,0,1,0,both_correct
sample_0597,pair_062,62,3,2,3032,eval_1108,eval_0928,1,0,1,0,both_correct
sample_0598,pair_010,10,3,3,3033,eval_0945,eval_0822,1,0,1,0,both_correct
sample_0599,pair_074,74,1,2,1012,eval_1205,eval_0915,1,0,1,0,both_correct
sample_0600,pair_011,11,3,3,3033,eval_1297,eval_1618,1,0,1,0,both_correct
sample_0601,pair_081,81,2,2,2022,eval_1240,eval_1101,1,0,1,0,both_correct
sample_0602,pair_084,84,1,1,1011,eval_1239,eval_1182,0,1,1,0,restored
sample_0603,pair_053,53,1,2,1012,eval_0607,eval_0712,1,0,1,0,both_correct
sample_0604,pair_043,43,3,2,3032,eval_1089,eval_1368,1,0,1,0,both_correct
sample_0605,pair_026,26,2,3,2023,eval_0860,eval_1754,0,1,1,0,restored
sample_0606,pair_040,40,2,1,2021,eval_1241,eval_0671,1,0,1,0,both_correct
sample_0607,pair_033,33,2,2,2022,eval_0582,eval_1723,1,0,1,0,both_correct
sample_0608,pair_022,22,3,2,3032,eval_1694,eval_1281,1,0,1,0,both_correct
sample_0609,pair_032,32,1,3,1013,eval_0022,eval_1405,0,1,1,0,restored
sample_0610,pair_020,20,1,1,1011,eval_1662,eval_0592,0,1,1,0,restored
sample_0611,pair_001,1,2,2,2022,eval_1081,eval_0119,1,0,1,0,both_correct
sample_0612,pair_068,68,1,1,1011,eval_0399,eval_1103,1,0,1,0,both_correct
sample_0613,pair_068,68,1,2,1012,eval_0053,eval_0752,1,0,1,0,both_correct
sample_0614,pair_031,31,1,1,1011,eval_1788,eval_1025,0,1,0,1,persistent_failure
sample_0615,pair_059,59,2,1,2021,eval_0092,eval_0987,1,0,1,0,both_correct
sample_0616,pair_002,2,2,1,2021,eval_0183,eval_0735,1,0,1,0,both_correct
sample_0617,pair_044,44,2,2,2022,eval_0917,eval_1546,1,0,1,0,both_correct
sample_0618,pair_026,26,1,2,1012,eval_0669,eval_0415,1,0,1,0,both_correct
sample_0619,pair_060,60,2,2,2022,eval_1655,eval_1524,1,0,1,0,both_correct
sample_0620,pair_005,5,2,2,2022,eval_0885,eval_1452,0,1,1,0,restored
sample_0621,pair_007,7,3,1,3031,eval_1279,eval_1535,1,0,1,0,both_correct
sample_0622,pair_096,96,1,3,1013,eval_0114,eval_1462,0,1,1,0,restored
sample_0623,pair_054,54,3,1,3031,eval_1789,eval_1691,1,0,1,0,both_correct
sample_0624,pair_050,50,2,2,2022,eval_0575,eval_0871,1,0,1,0,both_correct
sample_0625,pair_075,75,2,1,2021,eval_0079,eval_0573,1,0,1,0,both_correct
sample_0626,pair_031,31,3,2,3032,eval_0636,eval_0807,0,1,1,0,restored
sample_0627,pair_072,72,3,3,3033,eval_0886,eval_0719,1,0,1,0,both_correct
sample_0628,pair_066,66,3,2,3032,eval_1184,eval_1504,1,0,1,0,both_correct
sample_0629,pair_034,34,1,1,1011,eval_1712,eval_0902,1,0,1,0,both_correct
sample_0630,pair_040,40,2,2,2022,eval_1798,eval_1160,1,0,1,0,both_correct
sample_0631,pair_036,36,2,3,2023,eval_0826,eval_1665,0,1,1,0,restored
sample_0632,pair_016,16,3,2,3032,eval_0897,eval_0801,1,0,1,0,both_correct
sample_0633,pair_063,63,1,3,1013,eval_0912,eval_1037,0,1,1,0,restored
sample_0634,pair_049,49,3,1,3031,eval_1522,eval_1326,1,0,1,0,both_correct
sample_0635,pair_015,15,3,1,3031,eval_1756,eval_1396,0,1,1,0,restored
sample_0636,pair_090,90,3,3,3033,eval_0762,eval_0696,0,1,1,0,restored
sample_0637,pair_092,92,3,1,3031,eval_1127,eval_0109,1,0,1,0,both_correct
sample_0638,pair_039,39,3,1,3031,eval_1146,eval_1049,0,1,1,0,restored
sample_0639,pair_064,64,1,2,1012,eval_0235,eval_0473,0,1,1,0,restored
sample_0640,pair_025,25,3,1,3031,eval_0955,eval_1216,1,0,1,0,both_correct
sample_0641,pair_039,39,2,3,2023,eval_0855,eval_1016,0,1,1,0,restored
sample_0642,pair_019,19,1,2,1012,eval_0510,eval_0420,1,0,1,0,both_correct
sample_0643,pair_036,36,3,3,3033,eval_0002,eval_0626,0,1,0,1,persistent_failure
sample_0644,pair_046,46,1,2,1012,eval_1464,eval_1632,0,1,1,0,restored
sample_0645,pair_044,44,3,1,3031,eval_1792,eval_0459,1,0,1,0,both_correct
sample_0646,pair_004,4,3,1,3031,eval_1571,eval_1781,1,0,1,0,both_correct
sample_0647,pair_097,97,1,3,1013,eval_0665,eval_1232,1,0,1,0,both_correct
sample_0648,pair_080,80,1,3,1013,eval_0726,eval_0619,1,0,1,0,both_correct
sample_0649,pair_018,18,2,1,2021,eval_0890,eval_0285,0,1,1,0,restored
sample_0650,pair_030,30,2,2,2022,eval_0074,eval_0351,1,0,0,1,worsened
sample_0651,pair_069,69,1,1,1011,eval_0023,eval_1620,0,1,1,0,restored
sample_0652,pair_058,58,3,3,3033,eval_0588,eval_0054,1,0,1,0,both_correct
sample_0653,pair_069,69,3,3,3033,eval_1735,eval_0730,1,0,1,0,both_correct
sample_0654,pair_041,41,2,3,2023,eval_1318,eval_1479,1,0,1,0,both_correct
sample_0655,pair_087,87,2,3,2023,eval_1001,eval_1590,1,0,1,0,both_correct
sample_0656,pair_037,37,1,2,1012,eval_1246,eval_1034,1,0,1,0,both_correct
sample_0657,pair_068,68,3,1,3031,eval_1094,eval_0507,1,0,1,0,both_correct
sample_0658,pair_038,38,1,2,1012,eval_0311,eval_1455,1,0,1,0,both_correct
sample_0659,pair_082,82,3,2,3032,eval_1446,eval_0058,0,1,1,0,restored
sample_0660,pair_001,1,3,1,3031,eval_0340,eval_0218,1,0,1,0,both_correct
sample_0661,pair_061,61,1,2,1012,eval_1406,eval_1578,1,0,1,0,both_correct
sample_0662,pair_005,5,3,1,3031,eval_0533,eval_0015,0,1,1,0,restored
sample_0663,pair_070,70,3,2,3032,eval_1079,eval_0550,1,0,1,0,both_correct
sample_0664,pair_077,77,1,3,1013,eval_1226,eval_1622,1,0,1,0,both_correct
sample_0665,pair_047,47,2,2,2022,eval_1312,eval_1224,1,0,1,0,both_correct
sample_0666,pair_060,60,3,2,3032,eval_0237,eval_0649,1,0,1,0,both_correct
sample_0667,pair_021,21,1,2,1012,eval_1370,eval_1350,1,0,1,0,both_correct
sample_0668,pair_075,75,2,3,2023,eval_1023,eval_1526,1,0,1,0,both_correct
sample_0669,pair_095,95,2,1,2021,eval_1456,eval_1229,0,1,0,1,persistent_failure
sample_0670,pair_100,100,3,2,3032,eval_1747,eval_1445,1,0,1,0,both_correct
sample_0671,pair_062,62,2,1,2021,eval_1536,eval_0504,1,0,1,0,both_correct
sample_0672,pair_087,87,1,3,1013,eval_1639,eval_0695,1,0,1,0,both_correct
sample_0673,pair_061,61,3,1,3031,eval_0464,eval_1384,1,0,1,0,both_correct
sample_0674,pair_012,12,3,3,3033,eval_1390,eval_1028,1,0,1,0,both_correct
sample_0675,pair_076,76,1,2,1012,eval_1298,eval_0036,0,1,1,0,restored
sample_0676,pair_079,79,3,1,3031,eval_0681,eval_0729,1,0,1,0,both_correct
sample_0677,pair_091,91,3,2,3032,eval_0195,eval_1015,0,1,1,0,restored
sample_0678,pair_041,41,1,3,1013,eval_1364,eval_1612,1,0,1,0,both_correct
sample_0679,pair_060,60,2,3,2023,eval_1768,eval_0356,1,0,1,0,both_correct
sample_0680,pair_008,8,2,3,2023,eval_1763,eval_0418,0,1,0,1,persistent_failure
sample_0681,pair_029,29,2,2,2022,eval_0542,eval_1339,1,0,1,0,both_correct
sample_0682,pair_071,71,2,2,2022,eval_0412,eval_0639,0,1,1,0,restored
sample_0683,pair_039,39,3,3,3033,eval_1100,eval_1773,0,1,1,0,restored
sample_0684,pair_008,8,2,1,2021,eval_0283,eval_1418,0,1,0,1,persistent_failure
sample_0685,pair_069,69,2,1,2021,eval_0245,eval_0631,1,0,1,0,both_correct
sample_0686,pair_077,77,3,1,3031,eval_0620,eval_0082,0,1,1,0,restored
sample_0687,pair_065,65,2,3,2023,eval_1749,eval_0349,1,0,1,0,both_correct
sample_0688,pair_049,49,1,3,1013,eval_1475,eval_1696,1,0,1,0,both_correct
sample_0689,pair_085,85,2,2,2022,eval_1623,eval_0312,1,0,1,0,both_correct
sample_0690,pair_051,51,3,1,3031,eval_0446,eval_0520,1,0,1,0,both_correct
sample_0691,pair_079,79,1,3,1013,eval_1766,eval_1449,1,0,1,0,both_correct
sample_0692,pair_065,65,2,1,2021,eval_1086,eval_0192,1,0,1,0,both_correct
sample_0693,pair_006,6,2,1,2021,eval_0744,eval_0032,1,0,1,0,both_correct
sample_0694,pair_013,13,1,1,1011,eval_0164,eval_1409,0,1,1,0,restored
sample_0695,pair_084,84,1,2,1012,eval_1386,eval_0543,0,1,1,0,restored
sample_0696,pair_063,63,2,3,2023,eval_0375,eval_0115,1,0,1,0,both_correct
sample_0697,pair_082,82,1,3,1013,eval_1282,eval_0537,1,0,1,0,both_correct
sample_0698,pair_019,19,2,3,2023,eval_1565,eval_1188,1,0,1,0,both_correct
sample_0699,pair_042,42,1,2,1012,eval_1603,eval_1065,0,1,1,0,restored
sample_0700,pair_062,62,3,1,3031,eval_0197,eval_1008,0,1,1,0,restored
sample_0701,pair_062,62,3,3,3033,eval_1408,eval_0395,0,1,1,0,restored
sample_0702,pair_040,40,3,2,3032,eval_1199,eval_1159,1,0,1,0,both_correct
sample_0703,pair_030,30,2,1,2021,eval_1323,eval_0480,1,0,1,0,both_correct
sample_0704,pair_016,16,1,3,1013,eval_0165,eval_0652,1,0,1,0,both_correct
sample_0705,pair_016,16,2,3,2023,eval_1310,eval_0761,1,0,1,0,both_correct
sample_0706,pair_020,20,1,2,1012,eval_0851,eval_0553,1,0,1,0,both_correct
sample_0707,pair_012,12,3,1,3031,eval_1472,eval_0512,0,1,1,0,restored
sample_0708,pair_014,14,2,1,2021,eval_0111,eval_0894,1,0,1,0,both_correct
sample_0709,pair_017,17,1,1,1011,eval_0709,eval_1172,1,0,1,0,both_correct
sample_0710,pair_064,64,2,3,2023,eval_0569,eval_0461,1,0,1,0,both_correct
sample_0711,pair_032,32,2,1,2021,eval_0179,eval_0983,1,0,1,0,both_correct
sample_0712,pair_001,1,3,2,3032,eval_1337,eval_1484,1,0,1,0,both_correct
sample_0713,pair_043,43,3,1,3031,eval_0411,eval_0498,0,1,1,0,restored
sample_0714,pair_085,85,2,3,2023,eval_0891,eval_0720,1,0,1,0,both_correct
sample_0715,pair_047,47,3,3,3033,eval_0738,eval_0191,1,0,1,0,both_correct
sample_0716,pair_034,34,2,1,2021,eval_0422,eval_0396,1,0,1,0,both_correct
sample_0717,pair_010,10,2,2,2022,eval_0728,eval_1385,1,0,1,0,both_correct
sample_0718,pair_032,32,1,2,1012,eval_0877,eval_1447,1,0,1,0,both_correct
sample_0719,pair_032,32,3,1,3031,eval_1345,eval_0831,1,0,1,0,both_correct
sample_0720,pair_030,30,1,1,1011,eval_0471,eval_0922,1,0,1,0,both_correct
sample_0721,pair_084,84,1,3,1013,eval_0825,eval_1353,0,1,1,0,restored
sample_0722,pair_013,13,2,3,2023,eval_0489,eval_0763,0,1,1,0,restored
sample_0723,pair_038,38,2,1,2021,eval_1012,eval_1032,1,0,1,0,both_correct
sample_0724,pair_064,64,2,2,2022,eval_0264,eval_1277,1,0,1,0,both_correct
sample_0725,pair_074,74,2,1,2021,eval_1429,eval_1142,1,0,1,0,both_correct
sample_0726,pair_099,99,1,3,1013,eval_1267,eval_0180,1,0,1,0,both_correct
sample_0727,pair_056,56,2,2,2022,eval_0948,eval_1616,1,0,1,0,both_correct
sample_0728,pair_082,82,1,1,1011,eval_1650,eval_0770,0,1,1,0,restored
sample_0729,pair_065,65,3,2,3032,eval_0936,eval_0030,1,0,1,0,both_correct
sample_0730,pair_014,14,3,2,3032,eval_1491,eval_1252,1,0,1,0,both_correct
sample_0731,pair_083,83,1,1,1011,eval_1486,eval_1741,1,0,1,0,both_correct
sample_0732,pair_096,96,2,2,2022,eval_0260,eval_0116,0,1,1,0,restored
sample_0733,pair_056,56,2,3,2023,eval_0052,eval_0272,1,0,1,0,both_correct
sample_0734,pair_088,88,3,1,3031,eval_1215,eval_0287,0,1,1,0,restored
sample_0735,pair_082,82,3,3,3033,eval_0258,eval_1660,1,0,1,0,both_correct
sample_0736,pair_078,78,1,3,1013,eval_0952,eval_1525,1,0,1,0,both_correct
sample_0737,pair_027,27,2,2,2022,eval_0352,eval_0994,0,1,0,1,persistent_failure
sample_0738,pair_058,58,3,1,3031,eval_0927,eval_0136,1,0,1,0,both_correct
sample_0739,pair_080,80,2,1,2021,eval_0135,eval_0739,1,0,1,0,both_correct
sample_0740,pair_047,47,1,1,1011,eval_1601,eval_0366,1,0,1,0,both_correct
sample_0741,pair_062,62,1,3,1013,eval_1758,eval_1376,1,0,1,0,both_correct
sample_0742,pair_016,16,1,2,1012,eval_1102,eval_1791,1,0,1,0,both_correct
sample_0743,pair_094,94,2,3,2023,eval_1294,eval_0704,0,1,1,0,restored
sample_0744,pair_096,96,3,2,3032,eval_0009,eval_1545,1,0,0,1,worsened
sample_0745,pair_072,72,2,2,2022,eval_1668,eval_1149,0,1,1,0,restored
sample_0746,pair_035,35,2,2,2022,eval_1002,eval_1605,1,0,1,0,both_correct
sample_0747,pair_038,38,2,2,2022,eval_1606,eval_1437,1,0,1,0,both_correct
sample_0748,pair_040,40,3,1,3031,eval_0565,eval_0949,0,1,0,1,persistent_failure
sample_0749,pair_012,12,1,1,1011,eval_0107,eval_0905,1,0,1,0,both_correct
sample_0750,pair_030,30,1,2,1012,eval_0214,eval_1043,0,1,1,0,restored
sample_0751,pair_053,53,3,3,3033,eval_0615,eval_1124,1,0,1,0,both_correct
sample_0752,pair_021,21,3,1,3031,eval_1257,eval_1420,0,1,0,1,persistent_failure
sample_0753,pair_050,50,1,2,1012,eval_0633,eval_0992,1,0,1,0,both_correct
sample_0754,pair_066,66,3,1,3031,eval_0175,eval_1505,0,1,1,0,restored
sample_0755,pair_045,45,1,3,1013,eval_0954,eval_0215,1,0,1,0,both_correct
sample_0756,pair_026,26,3,2,3032,eval_0430,eval_0429,1,0,1,0,both_correct
sample_0757,pair_081,81,3,3,3033,eval_1332,eval_0687,0,1,1,0,restored
sample_0758,pair_011,11,1,1,1011,eval_0200,eval_0234,1,0,1,0,both_correct
sample_0759,pair_026,26,1,1,1011,eval_1110,eval_0436,1,0,1,0,both_correct
sample_0760,pair_033,33,1,1,1011,eval_0623,eval_1585,1,0,1,0,both_correct
sample_0761,pair_017,17,3,3,3033,eval_0740,eval_1330,0,1,1,0,restored
sample_0762,pair_079,79,3,3,3033,eval_0679,eval_1083,1,0,1,0,both_correct
sample_0763,pair_071,71,1,2,1012,eval_1139,eval_0018,1,0,1,0,both_correct
sample_0764,pair_074,74,2,2,2022,eval_0098,eval_0694,1,0,1,0,both_correct
sample_0765,pair_086,86,2,2,2022,eval_1349,eval_0421,1,0,1,0,both_correct
sample_0766,pair_064,64,1,3,1013,eval_1744,eval_1610,1,0,1,0,both_correct
sample_0767,pair_085,85,3,2,3032,eval_0773,eval_0708,1,0,1,0,both_correct
sample_0768,pair_009,9,1,1,1011,eval_0071,eval_0577,1,0,1,0,both_correct
sample_0769,pair_027,27,2,1,2021,eval_0956,eval_1591,1,0,1,0,both_correct
sample_0770,pair_027,27,3,2,3032,eval_1752,eval_0515,1,0,1,0,both_correct
sample_0771,pair_023,23,3,3,3033,eval_0676,eval_0382,0,1,1,0,restored
sample_0772,pair_007,7,1,3,1013,eval_1493,eval_1006,1,0,1,0,both_correct
sample_0773,pair_050,50,3,2,3032,eval_0685,eval_1607,1,0,1,0,both_correct
sample_0774,pair_046,46,2,3,2023,eval_1217,eval_0640,0,1,1,0,restored
sample_0775,pair_066,66,2,2,2022,eval_0444,eval_0818,1,0,1,0,both_correct
sample_0776,pair_094,94,2,2,2022,eval_1296,eval_1497,1,0,1,0,both_correct
sample_0777,pair_012,12,1,2,1012,eval_0605,eval_0070,1,0,1,0,both_correct
sample_0778,pair_041,41,2,2,2022,eval_0612,eval_0743,1,0,1,0,both_correct
sample_0779,pair_073,73,3,3,3033,eval_0840,eval_1287,1,0,1,0,both_correct
sample_0780,pair_005,5,1,3,1013,eval_0433,eval_1327,1,0,1,0,both_correct
sample_0781,pair_017,17,3,1,3031,eval_0269,eval_1492,1,0,1,0,both_correct
sample_0782,pair_071,71,3,2,3032,eval_0531,eval_0341,0,1,1,0,restored
sample_0783,pair_018,18,1,1,1011,eval_0172,eval_0995,0,1,1,0,restored
sample_0784,pair_031,31,1,2,1012,eval_0863,eval_1652,0,1,1,0,restored
sample_0785,pair_005,5,3,3,3033,eval_0254,eval_1439,1,0,1,0,both_correct
sample_0786,pair_097,97,3,3,3033,eval_0574,eval_0524,1,0,1,0,both_correct
sample_0787,pair_076,76,2,3,2023,eval_0530,eval_0805,0,1,1,0,restored
sample_0788,pair_025,25,2,2,2022,eval_0827,eval_0820,1,0,1,0,both_correct
sample_0789,pair_029,29,3,1,3031,eval_0795,eval_1619,0,1,1,0,restored
sample_0790,pair_005,5,2,1,2021,eval_0103,eval_1007,0,1,0,1,persistent_failure
sample_0791,pair_023,23,3,2,3032,eval_0985,eval_1739,1,0,0,1,worsened
sample_0792,pair_055,55,1,2,1012,eval_0152,eval_0238,1,0,1,0,both_correct
sample_0793,pair_048,48,1,2,1012,eval_1757,eval_0174,1,0,1,0,both_correct
sample_0794,pair_051,51,1,3,1013,eval_0072,eval_1701,1,0,1,0,both_correct
sample_0795,pair_100,100,1,1,1011,eval_0581,eval_1359,0,1,1,0,restored
sample_0796,pair_094,94,3,2,3032,eval_0204,eval_1402,1,0,1,0,both_correct
sample_0797,pair_004,4,2,2,2022,eval_0608,eval_0929,1,0,1,0,both_correct
sample_0798,pair_065,65,2,2,2022,eval_0280,eval_0376,0,1,1,0,restored
sample_0799,pair_033,33,3,2,3032,eval_1107,eval_1543,1,0,1,0,both_correct
sample_0800,pair_082,82,1,2,1012,eval_1602,eval_0455,1,0,1,0,both_correct
sample_0801,pair_060,60,3,3,3033,eval_0414,eval_0723,1,0,1,0,both_correct
sample_0802,pair_058,58,2,2,2022,eval_0294,eval_0844,0,1,1,0,restored
sample_0803,pair_041,41,3,3,3033,eval_0817,eval_0475,1,0,1,0,both_correct
sample_0804,pair_056,56,1,3,1013,eval_1204,eval_0362,1,0,1,0,both_correct
sample_0805,pair_025,25,3,2,3032,eval_0764,eval_0881,0,1,0,1,persistent_failure
sample_0806,pair_076,76,3,1,3031,eval_0869,eval_0108,0,1,1,0,restored
sample_0807,pair_001,1,2,1,2021,eval_0440,eval_0225,1,0,1,0,both_correct
sample_0808,pair_024,24,3,1,3031,eval_0898,eval_1268,0,1,1,0,restored
sample_0809,pair_054,54,1,3,1013,eval_0586,eval_1707,1,0,1,0,both_correct
sample_0810,pair_053,53,2,3,2023,eval_0692,eval_1538,0,1,1,0,restored
sample_0811,pair_081,81,3,2,3032,eval_0786,eval_1051,0,1,1,0,restored
sample_0812,pair_022,22,1,1,1011,eval_0502,eval_1266,1,0,1,0,both_correct
sample_0813,pair_052,52,2,1,2021,eval_0037,eval_1033,1,0,1,0,both_correct
sample_0814,pair_052,52,2,2,2022,eval_1403,eval_0627,1,0,1,0,both_correct
sample_0815,pair_063,63,3,1,3031,eval_0771,eval_1317,1,0,1,0,both_correct
sample_0816,pair_072,72,2,1,2021,eval_0624,eval_0355,0,1,1,0,restored
sample_0817,pair_006,6,1,3,1013,eval_0253,eval_1634,0,1,1,0,restored
sample_0818,pair_015,15,2,1,2021,eval_0538,eval_0560,0,1,1,0,restored
sample_0819,pair_087,87,1,2,1012,eval_1228,eval_0737,1,0,1,0,both_correct
sample_0820,pair_055,55,2,3,2023,eval_1490,eval_1218,1,0,1,0,both_correct
sample_0821,pair_050,50,3,1,3031,eval_0084,eval_1568,1,0,1,0,both_correct
sample_0822,pair_095,95,1,3,1013,eval_0236,eval_1541,1,0,1,0,both_correct
sample_0823,pair_024,24,2,1,2021,eval_0918,eval_1343,1,0,1,0,both_correct
sample_0824,pair_077,77,1,1,1011,eval_0997,eval_1254,1,0,1,0,both_correct
sample_0825,pair_054,54,1,2,1012,eval_1280,eval_1692,0,1,1,0,restored
sample_0826,pair_076,76,1,3,1013,eval_0975,eval_0309,1,0,1,0,both_correct
sample_0827,pair_045,45,3,1,3031,eval_0391,eval_1123,0,1,1,0,restored
sample_0828,pair_022,22,2,1,2021,eval_1200,eval_1233,1,0,1,0,both_correct
sample_0829,pair_060,60,1,2,1012,eval_0154,eval_0252,1,0,0,1,worsened
sample_0830,pair_090,90,3,2,3032,eval_0931,eval_0645,1,0,1,0,both_correct
sample_0831,pair_023,23,1,2,1012,eval_0501,eval_1190,1,0,1,0,both_correct
sample_0832,pair_078,78,3,1,3031,eval_0767,eval_0055,1,0,1,0,both_correct
sample_0833,pair_002,2,3,3,3033,eval_0806,eval_1238,1,0,1,0,both_correct
sample_0834,pair_003,3,3,1,3031,eval_0345,eval_1335,0,1,1,0,restored
sample_0835,pair_081,81,2,1,2021,eval_1772,eval_0732,0,1,1,0,restored
sample_0836,pair_048,48,3,2,3032,eval_1013,eval_0974,1,0,1,0,both_correct
sample_0837,pair_014,14,2,3,2023,eval_0814,eval_1162,0,1,1,0,restored
sample_0838,pair_085,85,1,2,1012,eval_1466,eval_0594,1,0,1,0,both_correct
sample_0839,pair_097,97,3,2,3032,eval_0384,eval_0051,1,0,1,0,both_correct
sample_0840,pair_092,92,2,2,2022,eval_0503,eval_0845,1,0,1,0,both_correct
sample_0841,pair_001,1,3,3,3033,eval_0020,eval_1161,1,0,1,0,both_correct
sample_0842,pair_061,61,1,1,1011,eval_0714,eval_0435,1,0,1,0,both_correct
sample_0843,pair_016,16,3,3,3033,eval_0990,eval_1302,1,0,0,1,worsened
sample_0844,pair_035,35,1,1,1011,eval_0657,eval_1432,1,0,1,0,both_correct
sample_0845,pair_017,17,3,2,3032,eval_1733,eval_1078,1,0,1,0,both_correct
sample_0846,pair_067,67,1,1,1011,eval_0858,eval_1389,1,0,1,0,both_correct
sample_0847,pair_024,24,3,2,3032,eval_0684,eval_1563,1,0,1,0,both_correct
sample_0848,pair_058,58,2,3,2023,eval_0069,eval_1189,0,1,1,0,restored
sample_0849,pair_063,63,3,3,3033,eval_1697,eval_1193,0,1,0,1,persistent_failure
sample_0850,pair_082,82,2,3,2023,eval_1481,eval_1104,1,0,1,0,both_correct
sample_0851,pair_096,96,2,1,2021,eval_0298,eval_1469,1,0,1,0,both_correct
sample_0852,pair_078,78,1,1,1011,eval_1549,eval_0428,1,0,1,0,both_correct
sample_0853,pair_004,4,2,3,2023,eval_1698,eval_1055,1,0,1,0,both_correct
sample_0854,pair_059,59,3,1,3031,eval_0700,eval_0539,1,0,1,0,both_correct
sample_0855,pair_010,10,2,1,2021,eval_1759,eval_0246,1,0,1,0,both_correct
sample_0856,pair_091,91,2,3,2023,eval_0839,eval_0097,0,1,1,0,restored
sample_0857,pair_070,70,2,1,2021,eval_1539,eval_0276,1,0,1,0,both_correct
sample_0858,pair_045,45,3,2,3032,eval_0599,eval_0270,1,0,0,1,worsened
sample_0859,pair_002,2,1,1,1011,eval_1443,eval_0733,0,1,1,0,restored
sample_0860,pair_057,57,2,1,2021,eval_0240,eval_0317,1,0,1,0,both_correct
sample_0861,pair_029,29,1,2,1012,eval_0754,eval_1465,0,1,1,0,restored
sample_0862,pair_012,12,2,3,2023,eval_0445,eval_0288,0,1,1,0,restored
sample_0863,pair_076,76,3,3,3033,eval_0155,eval_0296,1,0,1,0,both_correct
sample_0864,pair_055,55,3,2,3032,eval_1544,eval_0977,0,1,0,1,persistent_failure
sample_0865,pair_021,21,3,3,3033,eval_1067,eval_1501,1,0,1,0,both_correct
sample_0866,pair_056,56,3,3,3033,eval_0393,eval_1061,1,0,1,0,both_correct
sample_0867,pair_030,30,3,1,3031,eval_1227,eval_1676,1,0,1,0,both_correct
sample_0868,pair_013,13,1,2,1012,eval_0208,eval_1795,0,1,1,0,restored
sample_0869,pair_078,78,2,3,2023,eval_1395,eval_0132,1,0,1,0,both_correct
sample_0870,pair_017,17,2,3,2023,eval_1512,eval_0563,1,0,1,0,both_correct
sample_0871,pair_095,95,1,2,1012,eval_1433,eval_0250,0,1,1,0,restored
sample_0872,pair_031,31,3,3,3033,eval_0173,eval_0220,0,1,1,0,restored
sample_0873,pair_039,39,1,3,1013,eval_1019,eval_0656,1,0,1,0,both_correct
sample_0874,pair_015,15,1,1,1011,eval_1577,eval_0842,0,1,1,0,restored
sample_0875,pair_031,31,2,2,2022,eval_0673,eval_1099,1,0,1,0,both_correct
sample_0876,pair_050,50,1,1,1011,eval_1369,eval_0644,1,0,1,0,both_correct
sample_0877,pair_038,38,3,1,3031,eval_1351,eval_0655,1,0,1,0,both_correct
sample_0878,pair_063,63,1,2,1012,eval_1307,eval_1556,1,0,1,0,both_correct
sample_0879,pair_015,15,2,2,2022,eval_1704,eval_0205,1,0,1,0,both_correct
sample_0880,pair_072,72,1,1,1011,eval_1156,eval_0320,1,0,1,0,both_correct
sample_0881,pair_089,89,1,2,1012,eval_0479,eval_0359,1,0,1,0,both_correct
sample_0882,pair_100,100,1,2,1012,eval_0277,eval_0875,1,0,1,0,both_correct
sample_0883,pair_003,3,1,1,1011,eval_0067,eval_1074,0,1,0,1,persistent_failure
sample_0884,pair_074,74,3,3,3033,eval_0348,eval_0386,1,0,1,0,both_correct
sample_0885,pair_056,56,1,2,1012,eval_0782,eval_0289,1,0,1,0,both_correct
sample_0886,pair_038,38,1,1,1011,eval_1527,eval_0401,1,0,1,0,both_correct
sample_0887,pair_060,60,2,1,2021,eval_0318,eval_0497,1,0,1,0,both_correct
sample_0888,pair_004,4,2,1,2021,eval_1780,eval_1595,1,0,1,0,both_correct
sample_0889,pair_013,13,3,3,3033,eval_0693,eval_0978,0,1,1,0,restored
sample_0890,pair_075,75,3,1,3031,eval_1666,eval_1510,0,1,1,0,restored
sample_0891,pair_078,78,1,2,1012,eval_0315,eval_0661,1,0,1,0,both_correct
sample_0892,pair_076,76,2,2,2022,eval_0525,eval_1112,1,0,1,0,both_correct
sample_0893,pair_087,87,3,3,3033,eval_0821,eval_1093,1,0,1,0,both_correct
sample_0894,pair_011,11,3,2,3032,eval_1785,eval_1153,1,0,1,0,both_correct
sample_0895,pair_046,46,3,2,3032,eval_0090,eval_1366,0,1,0,1,persistent_failure
sample_0896,pair_032,32,1,1,1011,eval_1392,eval_1163,0,1,1,0,restored
sample_0897,pair_042,42,2,2,2022,eval_0465,eval_0008,0,1,1,0,restored
sample_0898,pair_089,89,3,3,3033,eval_1523,eval_0793,1,0,1,0,both_correct
sample_0899,pair_077,77,2,3,2023,eval_1164,eval_1134,1,0,1,0,both_correct
sample_0900,pair_003,3,3,3,3033,eval_0319,eval_0227,0,1,1,0,restored
